AASeq	cloneFraction	Vregion	Dregion	Jregion	RunId
CASSIVNEAFF	0.16725979	TRBV12-3	Unknown	TRBJ1-1	SRR5331120
CAWSISDLAKNIQYF	0.13879004	TRBV30	TRBD2	TRBJ2-4	SRR5331120
CSARDGLAGHYEQYF	0.13523132	TRBV20-1	TRBD2	TRBJ2-7	SRR5331120
CASSIQALLTF	0.0569395	TRBV12-3	TRBD2	TRBJ1-2	SRR5331120
CASSWKTGTGGTGYTF	0.05338078	TRBV6-5	TRBD1	TRBJ1-2	SRR5331120
CAWSVSDVANTEAFF	0.05338078	TRBV30	Unknown	TRBJ1-1	SRR5331120
CASSMTSGALYNEQFF	0.04982206	TRBV27	TRBD2	TRBJ2-1	SRR5331120
CASSETSGRSPYEQYF	0.03558719	TRBV6-1	TRBD2	TRBJ2-7	SRR5331120
CASSFIGGVDGYTF	0.02491103	TRBV12-3	TRBD2	TRBJ1-2	SRR5331120
CASSLEGYTEAFF	0.02491103	TRBV27	TRBD1	TRBJ1-1	SRR5331120
CASSPSTGVTFYGYTF	0.02491103	TRBV6-5	TRBD1	TRBJ1-2	SRR5331120
CATGRGGMIGEQYF	0.02491103	TRBV15	TRBD1	TRBJ2-7	SRR5331120
CASASANYGYTF	0.02135231	TRBV12-3	Unknown	TRBJ1-2	SRR5331120
CASSAQTGASYGYTF	0.02135231	TRBV6-5	TRBD1	TRBJ1-2	SRR5331120
CSATDVTKGQLISGYTF	0.01779359	TRBV20-1	Unknown	TRBJ1-2	SRR5331120
CASGPGTSATDTQYF	0.01067616	TRBV6-5	TRBD2	TRBJ2-3	SRR5331120
CASSYFDEKLFF	0.01067616	TRBV2	Unknown	TRBJ1-4	SRR5331120
CASSSVSGYTF	0.00711744	TRBV12-3	Unknown	TRBJ1-2	SRR5331120
CASTLWSATNEKLFF	0.00711744	TRBV28	Unknown	TRBJ1-4	SRR5331120
CAVNGGSNYGYTF	0.00711744	TRBV28	TRBD1	TRBJ1-2	SRR5331120
CASGEGGELFF	0.00355872	TRBV19	TRBD2	TRBJ2-2	SRR5331120
CASSAGGGSYNEQFF	0.00355872	TRBV4-1	TRBD2	TRBJ2-1	SRR5331120
CASSAGSGSGYNEQFF	0.00355872	TRBV9	TRBD2	TRBJ2-1	SRR5331120
CASSDAENTEAFF	0.00355872	TRBV6-1	Unknown	TRBJ1-1	SRR5331120
CASSEESGRAAEQYF	0.00355872	TRBV6-1	TRBD2	TRBJ2-7	SRR5331120
CASSFPKDGSTYEQYF	0.00355872	TRBV7-9	Unknown	TRBJ2-7	SRR5331120
CASSGRWTAYNEQFF	0.00355872	TRBV28	TRBD1	TRBJ2-1	SRR5331120
CASSGTDSNQPQHF	0.00355872	TRBV6-1	TRBD1	TRBJ1-5	SRR5331120
CASSKGEVTEAFF	0.00355872	TRBV6-5	TRBD2	TRBJ1-1	SRR5331120
CASSLPPGRGYTEAFF	0.00355872	TRBV12-3	TRBD1	TRBJ1-1	SRR5331120
CASSPGLASPYSYNEQFF	0.00355872	TRBV6-2	TRBD2	TRBJ2-1	SRR5331120
CASSPITGTGAYGYTF	0.00355872	TRBV6-5	TRBD1	TRBJ1-2	SRR5331120
CASSQEEGPGNQPQHF	0.00355872	TRBV4-1	TRBD2	TRBJ1-5	SRR5331120
CASSQGLGREGASEQFF	0.00355872	TRBV4-1	TRBD1	TRBJ2-1	SRR5331120
CASSSAYYGYTF	0.00355872	TRBV12-3	Unknown	TRBJ1-2	SRR5331120
CASSSDPSGGGYNEQFF	0.00355872	TRBV27	TRBD2	TRBJ2-1	SRR5331120
CASSSSGRDYEQYF	0.00355872	TRBV2	TRBD1	TRBJ2-7	SRR5331120
CASSSVNEQYF	0.00355872	TRBV12-3	Unknown	TRBJ2-7	SRR5331120
CASSTRTGQETQYF	0.00355872	TRBV7-9	TRBD1	TRBJ2-5	SRR5331120
CASSVASGRAHEQYF	0.00355872	TRBV9	Unknown	TRBJ2-7	SRR5331120
CASSVEGTSGRSYNEQFF	0.00355872	TRBV9	TRBD2	TRBJ2-1	SRR5331120
CASSVTPSSYNEQFF	0.00355872	TRBV6-4	Unknown	TRBJ2-1	SRR5331120
CASSYQTGTGVYGYTF	0.00355872	TRBV6-5	TRBD1	TRBJ1-2	SRR5331120
CASSYSWTGSNYGYTF	0.00355872	TRBV6-2	TRBD1	TRBJ1-2	SRR5331120
CASSYTLASYEQYF	0.00355872	TRBV6-6	TRBD2	TRBJ2-7	SRR5331120
CATAITSTQYF	0.00355872	TRBV12-3	Unknown	TRBJ2-3	SRR5331120
CATSDRTSATEAFF	0.00355872	TRBV19	TRBD1	TRBJ1-1	SRR5331120
CATSRDLAEVNTEAFF	0.00355872	TRBV15	TRBD2	TRBJ1-1	SRR5331120
CSARDPSGLAGGLAETQYF	0.00355872	TRBV20-1	TRBD2	TRBJ2-5	SRR5331120
CSARDRNTQGPETQYF	0.00355872	TRBV20-1	TRBD1	TRBJ2-5	SRR5331120
CASSIRSSYEQYF	0.23705722	TRBV19	Unknown	TRBJ2-7	SRR5331119
CATSDGLAGGWANVLTF	0.05449591	TRBV24-1	TRBD2	TRBJ2-6	SRR5331119
CASSTKVGGTGELFF	0.04904632	TRBV19	TRBD2	TRBJ2-2	SRR5331119
CASSDHPGSRELWKHHIF	0.03814714	TRBV6-4	Unknown	TRBJ1-3	SRR5331119
CASGAGGPLNEQFF	0.03542234	TRBV19	TRBD2	TRBJ2-1	SRR5331119
CASSIRSAYEQYF	0.02997275	TRBV19	Unknown	TRBJ2-7	SRR5331119
CASSVRSSYEQYF	0.02724796	TRBV19	Unknown	TRBJ2-7	SRR5331119
CATSDFPPGVRGAPQETQYF	0.02179837	TRBV24-1	TRBD1	TRBJ2-5	SRR5331119
CASSIRASYEQYF	0.01907357	TRBV19	Unknown	TRBJ2-7	SRR5331119
CASSILTGPRTEAFF	0.01634877	TRBV19	TRBD1	TRBJ1-1	SRR5331119
CASSTRSSYEQYF	0.01634877	TRBV19	Unknown	TRBJ2-7	SRR5331119
CASSSRSSYEQYF	0.01362398	TRBV19	Unknown	TRBJ2-7	SRR5331119
CASTPQGAYEQYF	0.01362398	TRBV6-5	Unknown	TRBJ2-7	SRR5331119
CASSFRSTDTQYF	0.01089918	TRBV19	Unknown	TRBJ2-3	SRR5331119
CASSGRSTDTQYF	0.01089918	TRBV19	Unknown	TRBJ2-3	SRR5331119
CASSIRSGYEQYF	0.01089918	TRBV19	TRBD1	TRBJ2-7	SRR5331119
CASSIRSTGELFF	0.01089918	TRBV19	Unknown	TRBJ2-2	SRR5331119
CASSLIFPSGEQYF	0.01089918	TRBV27	Unknown	TRBJ2-7	SRR5331119
CASSSRSANEQFF	0.01089918	TRBV19	Unknown	TRBJ2-1	SRR5331119
CASSSRSAYEQYF	0.01089918	TRBV19	Unknown	TRBJ2-7	SRR5331119
CASSIGLYGYTF	0.00817439	TRBV19	Unknown	TRBJ1-2	SRR5331119
CASSIGVYGYTF	0.00817439	TRBV19	Unknown	TRBJ1-2	SRR5331119
CASSIGYYGYTF	0.00817439	TRBV19	Unknown	TRBJ1-2	SRR5331119
CASSISSTGELFF	0.00817439	TRBV19	Unknown	TRBJ2-2	SRR5331119
CASSQDLAGEGTDTQYF	0.00817439	TRBV3-1	TRBD2	TRBJ2-3	SRR5331119
CASSTRSTDTQYF	0.00817439	TRBV19	Unknown	TRBJ2-3	SRR5331119
CASSIFSGGQNIQYF	0.00544959	TRBV19	TRBD1	TRBJ2-4	SRR5331119
CASSILSNTEAFF	0.00544959	TRBV19	TRBD1	TRBJ1-1	SRR5331119
CASSIRATGELFF	0.00544959	TRBV19	TRBD2	TRBJ2-2	SRR5331119
CASSIRGSGEQYF	0.00544959	TRBV19	TRBD2	TRBJ2-7	SRR5331119
CASSIRSSGPQFF	0.00544959	TRBV19	TRBD2	TRBJ2-1	SRR5331119
CASSKRSTDTQYF	0.00544959	TRBV19	TRBD2	TRBJ2-3	SRR5331119
CASSLFPGFGEQYF	0.00544959	TRBV27	TRBD1	TRBJ2-7	SRR5331119
CASSLRSSYEQYF	0.00544959	TRBV19	Unknown	TRBJ2-7	SRR5331119
CASSLSRRGPNYGYTF	0.00544959	TRBV27	TRBD1	TRBJ1-2	SRR5331119
CASSPRGGMTQHF	0.00544959	TRBV19	TRBD1	TRBJ1-5	SRR5331119
CASSRVGTTYEQYF	0.00544959	TRBV18	Unknown	TRBJ2-7	SRR5331119
CASSSRSAGELFF	0.00544959	TRBV19	Unknown	TRBJ2-2	SRR5331119
CASSSRSRQYRGSSYEQYF	0.00544959	TRBV5-6	TRBD1	TRBJ2-7	SRR5331119
CASSVEDYGSVSYGYTF	0.00544959	TRBV9	Unknown	TRBJ1-2	SRR5331119
CASSVVASSYNEQFF	0.00544959	TRBV9	Unknown	TRBJ2-1	SRR5331119
CASGGLVHEQFF	0.0027248	TRBV19	TRBD1	TRBJ2-1	SRR5331119
CASRGSLNQPQHF	0.0027248	TRBV27	TRBD2	TRBJ1-5	SRR5331119
CASRLAGSHEQYF	0.0027248	TRBV19	TRBD2	TRBJ2-7	SRR5331119
CASRSGREAFF	0.0027248	TRBV19	Unknown	TRBJ1-1	SRR5331119
CASSARSTDTQYF	0.0027248	TRBV19	Unknown	TRBJ2-3	SRR5331119
CASSDGTGGILYEQYF	0.0027248	TRBV6-1	TRBD1	TRBJ2-7	SRR5331119
CASSDRAGNEQFF	0.0027248	TRBV19	TRBD1	TRBJ2-1	SRR5331119
CASSDRATQPQHF	0.0027248	TRBV19	TRBD1	TRBJ1-5	SRR5331119
CASSEAISGAWDEQFF	0.0027248	TRBV6-1	TRBD2	TRBJ2-1	SRR5331119
CASSFRSSYEQYF	0.0027248	TRBV19	Unknown	TRBJ2-7	SRR5331119
CASSGGRNQPQHF	0.0027248	TRBV5-4	TRBD1	TRBJ1-5	SRR5331119
CASSGQGGTEAFF	0.0027248	TRBV9	TRBD1	TRBJ1-1	SRR5331119
CASSGRAAGELFF	0.0027248	TRBV19	TRBD2	TRBJ2-2	SRR5331119
CASSGRSADTQYF	0.0027248	TRBV19	TRBD2	TRBJ2-3	SRR5331119
CASSGRSAGELFF	0.0027248	TRBV19	Unknown	TRBJ2-2	SRR5331119
CASSIAPTDTQYF	0.0027248	TRBV19	Unknown	TRBJ2-3	SRR5331119
CASSIFGGAEAFF	0.0027248	TRBV19	TRBD2	TRBJ1-1	SRR5331119
CASSIGSYGYTF	0.0027248	TRBV19	Unknown	TRBJ1-2	SRR5331119
CASSIGTYGYTF	0.0027248	TRBV19	Unknown	TRBJ1-2	SRR5331119
CASSIMGSGNTIYF	0.0027248	TRBV19	Unknown	TRBJ1-3	SRR5331119
CASSIRAADTQYF	0.0027248	TRBV19	TRBD1	TRBJ2-3	SRR5331119
CASSIRSDYEQYF	0.0027248	TRBV19	Unknown	TRBJ2-7	SRR5331119
CASSIRSGVEQYF	0.0027248	TRBV19	Unknown	TRBJ2-7	SRR5331119
CASSIRSSETQYF	0.0027248	TRBV19	Unknown	TRBJ2-5	SRR5331119
CASSIRSSVEQFF	0.0027248	TRBV19	Unknown	TRBJ2-1	SRR5331119
CASSIRSSYEQFF	0.0027248	TRBV19	Unknown	TRBJ2-1	SRR5331119
CASSIRSTDTQYF	0.0027248	TRBV19	Unknown	TRBJ2-3	SRR5331119
CASSISSGSYNEQFF	0.0027248	TRBV19	TRBD2	TRBJ2-1	SRR5331119
CASSKRSTGELFF	0.0027248	TRBV19	Unknown	TRBJ2-2	SRR5331119
CASSLGDRPSTDTQYF	0.0027248	TRBV12-3	TRBD1	TRBJ2-3	SRR5331119
CASSLGIYGYTF	0.0027248	TRBV19	Unknown	TRBJ1-2	SRR5331119
CASSLGTSYEQYF	0.0027248	TRBV7-6	TRBD2	TRBJ2-7	SRR5331119
CASSLLVSGVSSTDTQYF	0.0027248	TRBV28	TRBD2	TRBJ2-3	SRR5331119
CASSLRSTDTQYF	0.0027248	TRBV19	Unknown	TRBJ2-3	SRR5331119
CASSLRVSYNEQFF	0.0027248	TRBV12-3	TRBD2	TRBJ2-1	SRR5331119
CASSLTLVFEAFF	0.0027248	TRBV7-9	Unknown	TRBJ1-1	SRR5331119
CASSMRSAGELFF	0.0027248	TRBV19	Unknown	TRBJ2-2	SRR5331119
CASSMRSGETQYF	0.0027248	TRBV19	Unknown	TRBJ2-5	SRR5331119
CASSMRSSYEQYF	0.0027248	TRBV19	Unknown	TRBJ2-7	SRR5331119
CASSPIAGSSYEQYF	0.0027248	TRBV14	TRBD2	TRBJ2-7	SRR5331119
CASSPLIGEQYF	0.0027248	TRBV27	TRBD1	TRBJ2-7	SRR5331119
CASSPPPGAVETQYF	0.0027248	TRBV19	TRBD1	TRBJ2-5	SRR5331119
CASSPRASLEQYF	0.0027248	TRBV19	TRBD2	TRBJ2-7	SRR5331119
CASSPRDGQETQYF	0.0027248	TRBV4-1	TRBD1	TRBJ2-5	SRR5331119
CASSPRSGNEQFF	0.0027248	TRBV19	Unknown	TRBJ2-1	SRR5331119
CASSPRSTDTQYF	0.0027248	TRBV19	Unknown	TRBJ2-3	SRR5331119
CASSQDKGRAYEQYF	0.0027248	TRBV4-1	Unknown	TRBJ2-7	SRR5331119
CASSQDLTSEAFF	0.0027248	TRBV4-3	Unknown	TRBJ1-1	SRR5331119
CASSQDPGYEQYF	0.0027248	TRBV4-1	Unknown	TRBJ2-7	SRR5331119
CASSQDWGAGTQYF	0.0027248	TRBV14	TRBD1	TRBJ2-5	SRR5331119
CASSQGAFGYTF	0.0027248	TRBV19	TRBD1	TRBJ1-2	SRR5331119
CASSQMTGLNTEAFF	0.0027248	TRBV28	Unknown	TRBJ1-1	SRR5331119
CASSQVEAFYEQYF	0.0027248	TRBV4-1	TRBD2	TRBJ2-7	SRR5331119
CASSRRSTDTQYF	0.0027248	TRBV19	Unknown	TRBJ2-3	SRR5331119
CASSSEASGENF	0.0027248	TRBV5-4	TRBD2	TRBJ2-1	SRR5331119
CASSSPTSGDYEQYF	0.0027248	TRBV27	TRBD2	TRBJ2-7	SRR5331119
CASSSQSNQPQHF	0.0027248	TRBV25-1	Unknown	TRBJ1-5	SRR5331119
CASSSRASYEQYF	0.0027248	TRBV19	Unknown	TRBJ2-7	SRR5331119
CASSSRATGELFF	0.0027248	TRBV19	TRBD1	TRBJ2-2	SRR5331119
CASSSRSGNEKLFF	0.0027248	TRBV19	Unknown	TRBJ1-4	SRR5331119
CASSSRSTDTQYF	0.0027248	TRBV19	TRBD2	TRBJ2-3	SRR5331119
CASSTIEGQGGRHTQYF	0.0027248	TRBV9	TRBD1	TRBJ2-3	SRR5331119
CASSTRSGYEQYF	0.0027248	TRBV19	Unknown	TRBJ2-7	SRR5331119
CASSVRAGETQYF	0.0027248	TRBV19	TRBD2	TRBJ2-5	SRR5331119
CASSVRTGYTEAFF	0.0027248	TRBV2	TRBD1	TRBJ1-1	SRR5331119
CASSVSGATADTQYF	0.0027248	TRBV9	TRBD1	TRBJ2-3	SRR5331119
CASSWEGINYGYTF	0.0027248	TRBV5-6	Unknown	TRBJ1-2	SRR5331119
CASSWVSLDTQYF	0.0027248	TRBV19	Unknown	TRBJ2-3	SRR5331119
CASSYGLEQFF	0.0027248	TRBV6-2	Unknown	TRBJ2-1	SRR5331119
CASSYLEGSETQETQYF	0.0027248	TRBV6-2	TRBD2	TRBJ2-5	SRR5331119
CASSYPLLYSGANTGELFF	0.0027248	TRBV6-2	TRBD2	TRBJ2-2	SRR5331119
CASSYRSSYEQYF	0.0027248	TRBV19	Unknown	TRBJ2-7	SRR5331119
CASSYSGHVNTEAFF	0.0027248	TRBV6-5	TRBD1	TRBJ1-1	SRR5331119
CASTTGTVNTEAFF	0.0027248	TRBV6-6	TRBD1	TRBJ1-1	SRR5331119
CATQGDNTYEQYF	0.0027248	TRBV19	TRBD1	TRBJ2-7	SRR5331119
CATSDFEVAGSSYNEQFF	0.0027248	TRBV24-1	TRBD2	TRBJ2-1	SRR5331119
CATSDYVSGTLQETQYF	0.0027248	TRBV24-1	TRBD2	TRBJ2-5	SRR5331119
CSAAGLAGGSYEQYF	0.0027248	TRBV20-1	TRBD2	TRBJ2-7	SRR5331119
CSANSDRVSYNEQFF	0.0027248	TRBV20-1	TRBD1	TRBJ2-1	SRR5331119
CSARDGTRAHYEQFF	0.0027248	TRBV20-1	TRBD2	TRBJ2-1	SRR5331119
CSARGGDSVLRVGEQYF	0.0027248	TRBV20-1	TRBD1	TRBJ2-7	SRR5331119
CSVGTGGTNEKLFF	0.13656388	TRBV29-1	TRBD1	TRBJ1-4	SRR5331118
CSARDSTGNGYTF	0.11674009	TRBV20-1	TRBD1	TRBJ1-2	SRR5331118
CSVPITVQETQYF	0.09030837	TRBV29-1	Unknown	TRBJ2-5	SRR5331118
CASSQSPGGQQFF	0.08370044	TRBV14	TRBD2	TRBJ2-1	SRR5331118
CASSVGGEAYEQYF	0.06167401	TRBV9	Unknown	TRBJ2-7	SRR5331118
CASSVAGGDEQFF	0.05506608	TRBV9	TRBD1	TRBJ2-1	SRR5331118
CSAEPGTSGGLQYF	0.04625551	TRBV20-1	TRBD2	TRBJ2-4	SRR5331118
CSARDGTGNGYTF	0.04185022	TRBV20-1	TRBD1	TRBJ1-2	SRR5331118
CSARDTVGNGYTF	0.03744493	TRBV20-1	Unknown	TRBJ1-2	SRR5331118
CSARDRTGNGYTF	0.03524229	TRBV20-1	TRBD1	TRBJ1-2	SRR5331118
CASSLSGGINEQFF	0.03303965	TRBV19	TRBD2	TRBJ2-1	SRR5331118
CSVGAGGTNEKLFF	0.02863436	TRBV29-1	TRBD2	TRBJ1-4	SRR5331118
CASSQSPGGEQYF	0.02643172	TRBV14	TRBD1	TRBJ2-7	SRR5331118
CASSFGTFETQYF	0.02202643	TRBV27	TRBD1	TRBJ2-5	SRR5331118
CSVGSGGTNEKLFF	0.02202643	TRBV29-1	TRBD1	TRBJ1-4	SRR5331118
CSARVEPGNGYTF	0.01762115	TRBV20-1	TRBD1	TRBJ1-2	SRR5331118
CASSQSPGGTQYF	0.01321586	TRBV14	TRBD1	TRBJ2-3	SRR5331118
CSARGQGDEQYF	0.01101322	TRBV29-1	TRBD1	TRBJ2-7	SRR5331118
CASSQAGLAAYNEQFF	0.00881057	TRBV4-2	TRBD2	TRBJ2-1	SRR5331118
CSVPGLAVPGELFF	0.00881057	TRBV29-1	TRBD2	TRBJ2-2	SRR5331118
CSAEISGTQLYNEQFF	0.00660793	TRBV20-1	TRBD2	TRBJ2-1	SRR5331118
CSARLRELSGNTIYF	0.00660793	TRBV20-1	TRBD1	TRBJ1-3	SRR5331118
CSVTGDRRSNQPQHF	0.00660793	TRBV29-1	TRBD1	TRBJ1-5	SRR5331118
CASSFSSGTTDTQYF	0.00440529	TRBV11-2	TRBD2	TRBJ2-3	SRR5331118
CASSLTTEQQFF	0.00440529	TRBV4-1	Unknown	TRBJ2-1	SRR5331118
CASSPVSGSSYEQYF	0.00440529	TRBV3-1	Unknown	TRBJ2-7	SRR5331118
CASSSGAGLDEQFF	0.00440529	TRBV27	TRBD1	TRBJ2-1	SRR5331118
CASSTYSGQSYGYTF	0.00440529	TRBV9	TRBD1	TRBJ1-2	SRR5331118
CASSVAQLAGGTDTQYF	0.00440529	TRBV9	TRBD2	TRBJ2-3	SRR5331118
CASTPGTVLPDTQYF	0.00440529	TRBV2	TRBD1	TRBJ2-3	SRR5331118
CSARDATGNGYTF	0.00440529	TRBV20-1	TRBD1	TRBJ1-2	SRR5331118
CSARDRVGNGYTF	0.00440529	TRBV20-1	TRBD1	TRBJ1-2	SRR5331118
CSGREDSTNEKLFF	0.00440529	TRBV29-1	TRBD1	TRBJ1-4	SRR5331118
CSVGSDGTNEKLFF	0.00440529	TRBV29-1	Unknown	TRBJ1-4	SRR5331118
CASGGLSSYNEQFF	0.00220264	TRBV10-2	TRBD2	TRBJ2-1	SRR5331118
CASGGSSYQETQYF	0.00220264	TRBV10-2	Unknown	TRBJ2-5	SRR5331118
CASSAGQVSPGELFF	0.00220264	TRBV2	TRBD1	TRBJ2-2	SRR5331118
CASSISGDYGYTF	0.00220264	TRBV7-8	TRBD1	TRBJ1-2	SRR5331118
CASSLWTGSHEQYF	0.00220264	TRBV5-8	TRBD1	TRBJ2-7	SRR5331118
CASSPDREGGDRGYNEQFF	0.00220264	TRBV3-1	TRBD1	TRBJ2-1	SRR5331118
CASSPGSTAPGELFF	0.00220264	TRBV2	TRBD2	TRBJ2-2	SRR5331118
CASSVVGGNEQFF	0.00220264	TRBV9	TRBD1	TRBJ2-1	SRR5331118
CASSVWTGHDEQFF	0.00220264	TRBV6-4	Unknown	TRBJ2-1	SRR5331118
CASSYAYDGSYEQYF	0.00220264	TRBV11-2	Unknown	TRBJ2-7	SRR5331118
CSARDQTGNGYTF	0.00220264	TRBV20-1	TRBD1	TRBJ1-2	SRR5331118
CSARDRVGNTIYF	0.00220264	TRBV20-1	TRBD1	TRBJ1-3	SRR5331118
CSARDTTGNGYTF	0.00220264	TRBV20-1	TRBD1	TRBJ1-2	SRR5331118
CSVEAVGDGIYNEQFF	0.00220264	TRBV29-1	TRBD1	TRBJ2-1	SRR5331118
CSVGAIMDEQFF	0.00220264	TRBV29-1	TRBD1	TRBJ2-1	SRR5331118
CSVGTQGTNEKLFF	0.00220264	TRBV29-1	Unknown	TRBJ1-4	SRR5331118
