RunId	AASeq	Vregion	Jregion	Dregion	cloneFraction
SRR5371275	CASSIRAGGQDTQYF	TRBV7-2	TRBJ2-3	Unknown	0.16688809
SRR5371275	CASSLTSSTDTQYF	TRBV5-1	TRBJ2-3	Unknown	0.10126956
SRR5371275	CASSFRSTDTQYF	TRBV7-2	TRBJ2-3	Unknown	0.09071448
SRR5371275	CASSQGGNPYNEQFF	TRBV7-3	TRBJ2-1	Unknown	0.08768822
SRR5371275	CASSVRYTDTQYF	TRBV7-2	TRBJ2-3	Unknown	0.05661353
SRR5371275	CASSPWTSGGDTQYF	TRBV4-2	TRBJ2-3	Unknown	0.05602303
SRR5371275	CASSFAGGPYEQYF	TRBV7-2	TRBJ2-7	Unknown	0.04982285
SRR5371275	CASSLRSTDTQYF	TRBV7-2	TRBJ2-3	Unknown	0.04495128
SRR5371275	CASSLQETQYF	TRBV5-1	TRBJ2-5	Unknown	0.03757013
SRR5371275	CASSPLAVSDTQYF	TRBV7-7	TRBJ2-3	Unknown	0.03129613
SRR5371275	CATSASGLDTQYF	TRBV24-1	TRBJ2-3	Unknown	0.02568644
SRR5371275	CASSYSAEGIQYF	TRBV6-6	TRBJ2-4	Unknown	0.02553883
SRR5371275	CSARDWNEQFF	TRBV20-1	TRBJ2-1	Unknown	0.02435784
SRR5371275	CASSSPLSGGTDTQYF	TRBV6-3	TRBJ2-3	Unknown	0.02398877
SRR5371275	CASSLAWGSYEQYF	TRBV7-2	TRBJ2-7	Unknown	0.02133155
SRR5371275	CASSLFGGQDPTGELFF	TRBV7-3	TRBJ2-2	Unknown	0.01808386
SRR5371275	CASSLTNTDTQYF	TRBV7-3	TRBJ2-3	Unknown	0.01468851
SRR5371275	CASSPRDTEAFF	TRBV18	TRBJ1-1	Unknown	0.01085032
SRR5371275	CASSLAQPSSGGGTQYF	TRBV7-2	TRBJ2-5	Unknown	0.00878358
SRR5371275	CSAASGFSGELFF	TRBV29-1	TRBJ2-2	Unknown	0.00804547
SRR5371275	CASSPGVVRAEAFF	TRBV5-6	TRBJ1-1	Unknown	0.00789786
SRR5371275	CASSHRGSTDTQYF	TRBV3-1	TRBJ2-3	Unknown	0.00701211
SRR5371275	CASSLRTSGGHEQFF	TRBV7-2	TRBJ2-1	Unknown	0.00671686
SRR5371275	CASSLGQGTTQYF	TRBV5-6	TRBJ2-5	Unknown	0.00516682
SRR5371275	CASTLSGGDTEAFF	TRBV25-1	TRBJ1-1	Unknown	0.00413346
SRR5371275	CASTLWGDPSYNEQFF	TRBV6-1	TRBJ2-1	Unknown	0.00413346
SRR5371275	CASSQGPTDSPLHF	TRBV4-2	TRBJ1-6	Unknown	0.00398582
SRR5371275	CASRPTGLAGVLSYEQYF	TRBV27	TRBJ2-7	Unknown	0.00391201
SRR5371275	CASSLLHTNTEAFF	TRBV5-4	TRBJ1-1	Unknown	0.00369058
SRR5371275	CASSTAWAGGYTF	TRBV19	TRBJ1-2	Unknown	0.00324771
SRR5371275	CASMITGTDTQYF	TRBV5-6	TRBJ2-3	Unknown	0.0031739
SRR5371275	CASSLSFTGELFF	TRBV7-2	TRBJ2-2	Unknown	0.00302628
SRR5371275	CASSLGGNYNEQFF	TRBV5-4	TRBJ2-1	Unknown	0.00287865
SRR5371275	CASSRRQGYGYTF	TRBV5-6	TRBJ1-2	Unknown	0.00243579
SRR5371275	CASSYSVLSNEQFF	TRBV6-3	TRBJ2-1	Unknown	0.00228815
SRR5371275	CASSERAGYGYTF	TRBV5-6	TRBJ1-2	Unknown	0.00221436
SRR5371275	CASSSGTGQHF	TRBV6-6	TRBJ1-5	Unknown	0.00221436
SRR5371275	CATRDNNYGYTF	TRBV19	TRBJ1-2	Unknown	0.00214054
SRR5371275	CSARDERSGGISYNEQFF	TRBV20-1	TRBJ2-1	Unknown	0.00184529
SRR5371275	CASSASLLQGTEAFF	TRBV19	TRBJ1-1	Unknown	0.00177147
SRR5371275	CASAGNLYQETQYF	TRBV4-3	TRBJ2-5	Unknown	0.00169768
SRR5371275	CASSFGPAGATYEQYF	TRBV5-6	TRBJ2-7	Unknown	0.00169768
SRR5371275	CASSISESSYNSPLHF	TRBV4-2	TRBJ1-6	Unknown	0.00169768
SRR5371275	CASSPAGGAKNIQYF	TRBV6-5	TRBJ2-4	Unknown	0.00169768
SRR5371275	CASSIRLGGETQYF	TRBV19	TRBJ2-5	Unknown	0.00155004
SRR5371275	CASSSGQGAGAAYEQYF	TRBV5-1	TRBJ2-7	Unknown	0.00147622
SRR5371275	CATSRGWATDTQYF	TRBV15	TRBJ2-3	Unknown	0.00147622
SRR5371275	CASSVDPIGPNRNTIYF	TRBV9	TRBJ1-3	Unknown	0.00125479
SRR5371275	CASSLSRAYGYTF	TRBV5-6	TRBJ1-2	Unknown	0.001181
SRR5371275	CASSIVLQGGWSPLHF	TRBV19	TRBJ1-6	Unknown	0.00110718
SRR5371275	CASSIGTSGETQYF	TRBV19	TRBJ2-5	Unknown	0.00095954
SRR5371275	CAWSRGTYGYTF	TRBV30	TRBJ1-2	Unknown	0.00095954
SRR5371275	CAWSVLRGTEAFF	TRBV30	TRBJ1-1	Unknown	0.00095954
SRR5371275	CASSMTTGGTDTQYF	TRBV19	TRBJ2-3	Unknown	0.00081193
SRR5371275	CASSNRASHHEQYF	TRBV19	TRBJ2-7	Unknown	0.00073811
SRR5371275	CASGGGTQETQYF	TRBV16	TRBJ2-5	Unknown	0.00066432
SRR5371275	CAWNRRGKNTGELFF	TRBV30	TRBJ2-2	Unknown	0.00066432
SRR5371275	CASSKIQFPEAFF	TRBV5-6	TRBJ1-1	Unknown	0.00029525
SRR5371275	CASSPKTGWDTGELFF	TRBV19	TRBJ2-2	Unknown	0.00029525
SRR5371275	CASSATGYSYEQYF	TRBV19	TRBJ2-7	Unknown	0.00022143
SRR5371275	CASSPAHLGGGYNEQFF	TRBV18	TRBJ2-1	Unknown	0.00014761
SRR5371275	CASSFSGTSGTVYEQYF	TRBV5-4	TRBJ2-7	Unknown	7.382e-05
SRR5371275	CASSRMENTEAFF	TRBV6-5	TRBJ1-1	Unknown	7.382e-05
SRR5371275	CASSSDPGTGQSPLHF	TRBV5-1	TRBJ1-6	Unknown	7.382e-05
SRR5371275	CASSSTRGSGAAGELFF	TRBV7-9	TRBJ2-2	Unknown	7.382e-05
SRR5371275	CSVEGQGNTDTQYF	TRBV29-1	TRBJ2-3	Unknown	7.382e-05
SRR5371264	CASSFDGETQYF	TRBV5-1	TRBJ2-5	Unknown	0.1153713
SRR5371264	CASSQVVLVAATYEQYF	TRBV4-1	TRBJ2-7	Unknown	0.09912718
SRR5371264	CSTSYVLGDTQYF	TRBV20-1	TRBJ2-3	Unknown	0.071055
SRR5371264	CASSFSFDYEQYF	TRBV7-2	TRBJ2-7	Unknown	0.04892283
SRR5371264	CASSLSFSEETQYF	TRBV11-1	TRBJ2-5	Unknown	0.04753741
SRR5371264	CASSIRSTDTQYF	TRBV7-3	TRBJ2-3	Unknown	0.04452411
SRR5371264	CASSSRDFNEQFF	TRBV28	TRBJ2-1	Unknown	0.04253257
SRR5371264	CASSQVTGGLEQYF	TRBV4-3	TRBJ2-7	Unknown	0.04114713
SRR5371264	CASSTRPSTDTQYF	TRBV5-1	TRBJ2-3	Unknown	0.03638474
SRR5371264	CASSPPLADEQFF	TRBV5-6	TRBJ2-1	Unknown	0.02926711
SRR5371264	CASSAGTVFYNEQFF	TRBV7-2	TRBJ2-1	Unknown	0.02758728
SRR5371264	CASSLGYGGGEQFF	TRBV7-2	TRBJ2-1	Unknown	0.02705044
SRR5371264	CSATLRELTRTDTQYF	TRBV20-1	TRBJ2-3	Unknown	0.0269292
SRR5371264	CASSLGLDLLGEQFF	TRBV7-2	TRBJ2-1	Unknown	0.02524937
SRR5371264	CASWVAGAPSYEQYF	TRBV6-3	TRBJ2-7	Unknown	0.02509351
SRR5371264	CASSYPLTSGGSTDTQYF	TRBV12-4	TRBJ2-3	Unknown	0.02365614
SRR5371264	CSASRLASQNEQFF	TRBV20-1	TRBJ2-1	Unknown	0.02104114
SRR5371264	CSARRQADQPQHF	TRBV20-1	TRBJ1-5	Unknown	0.01948254
SRR5371264	CSANSPTGGFTDTQYF	TRBV20-1	TRBJ2-3	Unknown	0.01910156
SRR5371264	CASSYDSRTGGPSSYNEQFF	TRBV6-3	TRBJ2-1	Unknown	0.01712732
SRR5371264	CASSFSLWDRAGANVLTF	TRBV28	TRBJ2-6	Unknown	0.01648656
SRR5371264	CASRSRGNPSYEQYF	TRBV7-2	TRBJ2-7	Unknown	0.01575921
SRR5371264	CASSWGHTDTQYF	TRBV4-1	TRBJ2-3	Unknown	0.01336936
SRR5371264	CSAMYGYGETQYF	TRBV20-1	TRBJ2-5	Unknown	0.01304032
SRR5371264	CASSLFAPGSEAFF	TRBV27	TRBJ1-1	Unknown	0.01281518
SRR5371264	CASSQVSSGTLYGYTF	TRBV4-2	TRBJ1-2	Unknown	0.01238224
SRR5371264	CSANWAGGPLYEQYF	TRBV20-1	TRBJ2-7	Unknown	0.01134317
SRR5371264	CASSLTMTGVYSREGETQYF	TRBV27	TRBJ2-5	Unknown	0.00983652
SRR5371264	CASSLSGVYGNTIYF	TRBV6-5	TRBJ1-3	Unknown	0.00895331
SRR5371264	CASSRSTYQGGEQYF	TRBV5-6	TRBJ2-7	Unknown	0.00813937
SRR5371264	CASQPYRGGTDTQYF	TRBV19	TRBJ2-3	Unknown	0.00791425
SRR5371264	CASSLKTEYSGNTIYF	TRBV5-6	TRBJ1-3	Unknown	0.00791425
SRR5371264	CSAARGYAPDTQYF	TRBV20-1	TRBJ2-3	Unknown	0.00668467
SRR5371264	CASSWVPLGDTEAFF	TRBV6-6	TRBJ1-1	Unknown	0.00545511
SRR5371264	CASSPQGSRSYNEQFF	TRBV27	TRBJ2-1	Unknown	0.0050568
SRR5371264	CASSIDLMRNEQFF	TRBV19	TRBJ2-1	Unknown	0.00498754
SRR5371264	CASSVRGDNEQFF	TRBV4-2	TRBJ2-1	Unknown	0.00488362
SRR5371264	CASSWASGDIQYF	TRBV5-6	TRBJ2-4	Unknown	0.00479703
SRR5371264	CASSDKRKGAGELFF	TRBV7-9	TRBJ2-2	Unknown	0.0045719
SRR5371264	CASSFSSGDTQYF	TRBV5-6	TRBJ2-3	Unknown	0.00434678
SRR5371264	CASSIGWSNEQFF	TRBV19	TRBJ2-1	Unknown	0.0039831
SRR5371264	CASSARVGAEKLFF	TRBV4-3	TRBJ1-4	Unknown	0.00207814
SRR5371264	CASSLSSLSYEQYF	TRBV6-2	TRBJ2-7	Unknown	0.00143738
SRR5371264	CASSPPTGQGNTGELFF	TRBV18	TRBJ2-2	Unknown	0.00112566
SRR5371264	CASRRGTGGYEQYF	TRBV5-6	TRBJ2-7	Unknown	0.00095248
SRR5371264	CASSLLGGDAFF	TRBV5-6	TRBJ1-1	Unknown	0.00090053
SRR5371264	CATSRAGGGSEKLFF	TRBV15	TRBJ1-4	Unknown	0.00071003
SRR5371264	CATSGSLGQGVNTEAFF	TRBV15	TRBJ1-1	Unknown	0.00062345
SRR5371264	CASSEGGLAGTKETQYF	TRBV2	TRBJ2-5	Unknown	0.000381
SRR5371264	CASSLGGQYNEQFF	TRBV5-4	TRBJ2-1	Unknown	0.00024245
SRR5371264	CASSIGWSGEQYF	TRBV19	TRBJ2-7	Unknown	0.00019049
SRR5371264	CASSILSSQPQHF	TRBV19	TRBJ1-5	Unknown	0.00019049
SRR5371264	CASSHISSYGNQPQHF	TRBV19	TRBJ1-5	Unknown	0.00015586
SRR5371264	CASSLVQGSFGYTF	TRBV5-6	TRBJ1-2	Unknown	1.731e-05
SRR5371264	CASSPLAGIGEETQYF	TRBV19	TRBJ2-5	Unknown	1.731e-05
SRR5371264	CASSPREGTGELFF	TRBV5-4	TRBJ2-2	Unknown	1.731e-05
SRR5371264	CASSRGLAYEQYF	TRBV5-4	TRBJ2-7	Unknown	1.731e-05
SRR5371264	CASSVPGARIQYF	TRBV19	TRBJ2-4	Unknown	1.731e-05
SRR5371264	CASSWRVGTQYF	TRBV5-4	TRBJ2-3	Unknown	1.731e-05
SRR5371261	CSANSPTGGFTDTQYF	TRBV20-1	TRBJ2-3	Unknown	0.09618857
SRR5371261	CASSFDGETQYF	TRBV5-1	TRBJ2-5	Unknown	0.07545506
SRR5371261	CASSFGPNTQYF	TRBV11-2	TRBJ2-3	Unknown	0.06360392
SRR5371261	CASSFSFDYEQYF	TRBV7-2	TRBJ2-7	Unknown	0.05679671
SRR5371261	CSTSYVLGDTQYF	TRBV20-1	TRBJ2-3	Unknown	0.04955168
SRR5371261	CASSVRSTDTQYF	TRBV7-2	TRBJ2-3	Unknown	0.02932798
SRR5371261	CSVPPSGGLEVWSYNEQFF	TRBV29-1	TRBJ2-1	Unknown	0.02901611
SRR5371261	CASSIRSTDTQYF	TRBV7-2	TRBJ2-3	Unknown	0.0263652
SRR5371261	CASSYDSRTGGPSSYNEQFF	TRBV6-3	TRBJ2-1	Unknown	0.02572345
SRR5371261	CASSRLGRGQETQYF	TRBV4-3	TRBJ2-5	Unknown	0.02090743
SRR5371261	CASRSRGNPSYEQYF	TRBV7-2	TRBJ2-7	Unknown	0.01832848
SRR5371261	CSASIKSDNEQFF	TRBV20-1	TRBJ2-1	Unknown	0.0165712
SRR5371261	CASRAWDSPLHF	TRBV6-1	TRBJ1-6	Unknown	0.01615138
SRR5371261	CASWVAGAPSYEQYF	TRBV6-3	TRBJ2-7	Unknown	0.01545567
SRR5371261	CASSYPLTSGGSTDTQYF	TRBV12-4	TRBJ2-3	Unknown	0.01509581
SRR5371261	CSVVQGWGEQFF	TRBV29-1	TRBJ2-1	Unknown	0.01493388
SRR5371261	CSAARGYAPDTQYF	TRBV20-1	TRBJ2-3	Unknown	0.01474795
SRR5371261	CASSFGTRETQYF	TRBV5-6	TRBJ2-5	Unknown	0.01333853
SRR5371261	CASSQVTGGLEQYF	TRBV4-3	TRBJ2-7	Unknown	0.01326656
SRR5371261	CASSFVGWETQYF	TRBV7-2	TRBJ2-5	Unknown	0.0114493
SRR5371261	CASSAIANYEQYF	TRBV7-2	TRBJ2-7	Unknown	0.01134134
SRR5371261	CASSLGYGGGEQFF	TRBV7-2	TRBJ2-1	Unknown	0.01129337
SRR5371261	CASSLVHAGETQYF	TRBV7-9	TRBJ2-5	Unknown	0.0112334
SRR5371261	CSAQTGSEQYF	TRBV20-1	TRBJ2-7	Unknown	0.01079557
SRR5371261	CSASRLASQNEQFF	TRBV20-1	TRBJ2-1	Unknown	0.01041773
SRR5371261	CASSARVGAEKLFF	TRBV4-3	TRBJ1-4	Unknown	0.01003388
SRR5371261	CASSPTLGGEQYF	TRBV11-2	TRBJ2-7	Unknown	0.00969202
SRR5371261	CASSPPLADEQFF	TRBV5-6	TRBJ2-1	Unknown	0.00905029
SRR5371261	CASRFVGLPEAFF	TRBV4-3	TRBJ1-1	Unknown	0.00889435
SRR5371261	CASSPQGSRSYNEQFF	TRBV27	TRBJ2-1	Unknown	0.0085405
SRR5371261	CASRSRGSASYEQYF	TRBV11-2	TRBJ2-7	Unknown	0.00833659
SRR5371261	CASSLSFSEETQYF	TRBV11-1	TRBJ2-5	Unknown	0.0080367
SRR5371261	CASSPRYTDTQYF	TRBV7-2	TRBJ2-3	Unknown	0.00801871
SRR5371261	CASSRSTYQGGEQYF	TRBV5-6	TRBJ2-7	Unknown	0.00785677
SRR5371261	CSASGWEVTQYF	TRBV29-1	TRBJ2-5	Unknown	0.00771284
SRR5371261	CSARKTWEADTQYF	TRBV20-1	TRBJ2-3	Unknown	0.0075689
SRR5371261	CASSTGGGWGTDTQYF	TRBV7-2	TRBJ2-3	Unknown	0.007341
SRR5371261	CASSRLGTSVDEQFF	TRBV4-3	TRBJ2-1	Unknown	0.00720904
SRR5371261	CASSSRPDWTGSYEQYF	TRBV7-2	TRBJ2-7	Unknown	0.00677722
SRR5371261	CSVAEAWDQYEQYF	TRBV29-1	TRBJ2-7	Unknown	0.00645935
SRR5371261	CASTRGQGVTEAFF	TRBV4-3	TRBJ1-1	Unknown	0.00639938
SRR5371261	CASSFLAGSDTQYF	TRBV7-7	TRBJ2-3	Unknown	0.00632741
SRR5371261	CASSQVVLVAATYEQYF	TRBV4-1	TRBJ2-7	Unknown	0.00630341
SRR5371261	CASSAGTVFYNEQFF	TRBV7-2	TRBJ2-1	Unknown	0.00599754
SRR5371261	CSAMLGADDEQYF	TRBV20-1	TRBJ2-7	Unknown	0.00575165
SRR5371261	CASSVMAGGAFQETQYF	TRBV4-3	TRBJ2-5	Unknown	0.00559571
SRR5371261	CSGKDLRDYEQYF	TRBV20-1	TRBJ2-7	Unknown	0.00549375
SRR5371261	CASSLLIGGLYEQYF	TRBV4-3	TRBJ2-7	Unknown	0.00516988
SRR5371261	CASSQDLQIPEAFF	TRBV4-3	TRBJ1-1	Unknown	0.00510391
SRR5371261	CASSTRPSTDTQYF	TRBV5-1	TRBJ2-3	Unknown	0.00509192
SRR5371261	CASSWASGDIQYF	TRBV5-6	TRBJ2-4	Unknown	0.00498996
SRR5371261	CASSLRAGGTDTQYF	TRBV7-2	TRBJ2-3	Unknown	0.00494197
SRR5371261	CASSSRTGAEEQYF	TRBV4-3	TRBJ2-7	Unknown	0.00484602
SRR5371261	CSAGGTGELFF	TRBV29-1	TRBJ2-2	Unknown	0.00476205
SRR5371261	CASSLRPGGYQETQYF	TRBV7-8	TRBJ2-5	Unknown	0.00470207
SRR5371261	CSVRTGEWETQYF	TRBV29-1	TRBJ2-5	Unknown	0.00469607
SRR5371261	CSAWTGGHGELFF	TRBV20-1	TRBJ2-2	Unknown	0.00445017
SRR5371261	CASSSRGGNEQYF	TRBV7-3	TRBJ2-7	Unknown	0.00440819
SRR5371261	CANQTPALSKAQYF	TRBV23	TRBJ2-5	Unknown	0.00435422
SRR5371261	CASSEIPGSNEQYF	TRBV2	TRBJ2-7	Unknown	0.00432423
SRR5371261	CASSEFTRPTYEQYF	TRBV2	TRBJ2-7	Unknown	0.00431223
SRR5371261	CASSSGQGNEQFF	TRBV7-3	TRBJ2-1	Unknown	0.00431223
SRR5371261	CASSTGTSGETQYF	TRBV19	TRBJ2-5	Unknown	0.00428224
SRR5371261	CASSEQREGQGFF	TRBV10-2	TRBJ2-1	Unknown	0.00395237
SRR5371261	CASSEGGLAGTKETQYF	TRBV2	TRBJ2-5	Unknown	0.0036645
SRR5371261	CASSGLQETQYF	TRBV9	TRBJ2-5	Unknown	0.00332864
SRR5371261	CATSDFQGNYGYTF	TRBV24-1	TRBJ1-2	Unknown	0.00328065
SRR5371261	CASSLFAPGSEAFF	TRBV27	TRBJ1-1	Unknown	0.00322068
SRR5371261	CASSAQAGGNSYNEQFF	TRBV9	TRBJ2-1	Unknown	0.00303475
SRR5371261	CASQPYRGGTDTQYF	TRBV19	TRBJ2-3	Unknown	0.00283684
SRR5371261	CASSRLAGGLYQETQYF	TRBV4-3	TRBJ2-5	Unknown	0.00281285
SRR5371261	CSASRGPSTQYF	TRBV20-1	TRBJ2-3	Unknown	0.00274088
SRR5371261	CASRRGTGGYEQYF	TRBV5-6	TRBJ2-7	Unknown	0.00257894
SRR5371261	CASSSYVSYEQYF	TRBV5-6	TRBJ2-7	Unknown	0.00232705
SRR5371261	CASSFDSWSTQYF	TRBV11-2	TRBJ2-3	Unknown	0.00229106
SRR5371261	CASSWGQPYTDTQYF	TRBV5-1	TRBJ2-3	Unknown	0.00211114
SRR5371261	CASSTRASGGEQYF	TRBV7-2	TRBJ2-7	Unknown	0.00209314
SRR5371261	CASSFGGFQTGEQYF	TRBV28	TRBJ2-7	Unknown	0.00200318
SRR5371261	CASSFGIRGPGEKLFF	TRBV27	TRBJ1-4	Unknown	0.00196719
SRR5371261	CASSYGTGSGEQYF	TRBV6-3	TRBJ2-7	Unknown	0.00189522
SRR5371261	CASSPTGEQFF	TRBV2	TRBJ2-1	Unknown	0.00187723
SRR5371261	CASSYLGGGQETQYF	TRBV9	TRBJ2-5	Unknown	0.00185924
SRR5371261	CASSQRGTPLYEQYF	TRBV3-1	TRBJ2-7	Unknown	0.00174528
SRR5371261	CASSLKTEYSGNTIYF	TRBV5-6	TRBJ1-3	Unknown	0.00172729
SRR5371261	CASSYATGDTQYF	TRBV5-6	TRBJ2-3	Unknown	0.00170929
SRR5371261	CASSVAGANTGELFF	TRBV5-1	TRBJ2-2	Unknown	0.0017033
SRR5371261	CASSQDRGGYDGDTQYF	TRBV4-3	TRBJ2-3	Unknown	0.00161934
SRR5371261	CASSWDRLLGNEQFF	TRBV6-5	TRBJ2-1	Unknown	0.00155336
SRR5371261	CASSLQVSGETQYF	TRBV7-9	TRBJ2-5	Unknown	0.00152938
SRR5371261	CASSQGLGQGISYGYTF	TRBV4-3	TRBJ1-2	Unknown	0.00130146
SRR5371261	CASSLTMTGVYSREGETQYF	TRBV27	TRBJ2-5	Unknown	0.00127748
SRR5371261	CASSIQFRDPEAFF	TRBV5-6	TRBJ1-1	Unknown	0.00122349
SRR5371261	CATGVLAGLYNEQFF	TRBV2	TRBJ2-1	Unknown	0.00116952
SRR5371261	CSASFQFRDTQYF	TRBV20-1	TRBJ2-3	Unknown	0.00113353
SRR5371261	CASSDWTGKETQYF	TRBV6-2	TRBJ2-5	Unknown	0.0009596
SRR5371261	CATSDPLGLAGGVYTGELFF	TRBV24-1	TRBJ2-2	Unknown	0.00091762
SRR5371261	CVSGNSWGTEAFF	TRBV19	TRBJ1-1	Unknown	0.00091163
SRR5371261	CSALAYQETQYF	TRBV20-1	TRBJ2-5	Unknown	0.00085165
SRR5371261	CASSFIQHNQQYF	TRBV28	TRBJ2-7	Unknown	0.00077969
SRR5371261	CASSTLQGRNGYTF	TRBV6-3	TRBJ1-2	Unknown	0.00074969
SRR5371261	CASSIVTVYEQYF	TRBV5-6	TRBJ2-7	Unknown	0.00074369
SRR5371261	CASSIGWSGEQYF	TRBV19	TRBJ2-7	Unknown	0.00068372
SRR5371261	CASSLGGNYNEQFF	TRBV5-4	TRBJ2-1	Unknown	0.00067772
SRR5371261	CASSPPTGQGNTGELFF	TRBV18	TRBJ2-2	Unknown	0.00067772
SRR5371261	CASSSDTSSSGNTIYF	TRBV28	TRBJ1-3	Unknown	0.00064773
SRR5371261	CASSLGQGASGYTF	TRBV5-6	TRBJ1-2	Unknown	0.00063573
SRR5371261	CASSILSSQPQHF	TRBV19	TRBJ1-5	Unknown	0.00056377
SRR5371261	CASSFNSEQYF	TRBV5-6	TRBJ2-7	Unknown	0.00052779
SRR5371261	CASSIAWTQETQYF	TRBV19	TRBJ2-5	Unknown	0.00052179
SRR5371261	CASSLGQGSFGYTF	TRBV5-6	TRBJ1-2	Unknown	0.00050979
SRR5371261	CASSTYQGLVNNEQFF	TRBV19	TRBJ2-1	Unknown	0.0004918
SRR5371261	CAWSVRGWETGELFF	TRBV30	TRBJ2-2	Unknown	0.0004798
SRR5371261	CASSIRTGGSEQFF	TRBV19	TRBJ2-1	Unknown	0.00044982
SRR5371261	CASSSTSAKQYF	TRBV5-6	TRBJ2-7	Unknown	0.00041983
SRR5371261	CASSHRAGGGDTQYF	TRBV4-3	TRBJ2-3	Unknown	0.00034186
SRR5371261	CATSRAGGGSEKLFF	TRBV15	TRBJ1-4	Unknown	0.00033586
SRR5371261	CASSGRRSTEAFF	TRBV12-3	TRBJ1-1	Unknown	0.00028189
SRR5371261	CASSQDGRVQETQYF	TRBV4-1	TRBJ2-5	Unknown	0.0002579
SRR5371261	CASSVRGDNEQFF	TRBV4-3	TRBJ2-1	Unknown	0.0002279
SRR5371261	CASSLSGLTEAFF	TRBV5-6	TRBJ1-1	Unknown	0.00021591
SRR5371261	CASSILYRDSSYEQYF	TRBV19	TRBJ2-7	Unknown	0.00019193
SRR5371261	CASSSWTGEGGYTF	TRBV4-3	TRBJ1-2	Unknown	0.00018593
SRR5371261	CASSLTSHGTGELFF	TRBV4-1	TRBJ2-2	Unknown	0.00014394
SRR5371261	CAWSLTGVRSQPQHF	TRBV30	TRBJ1-5	Unknown	0.00013794
SRR5371261	CASSLGGLKTQYF	TRBV5-6	TRBJ2-5	Unknown	0.00012594
SRR5371261	CASSWTTLSTYEQYF	TRBV18	TRBJ2-7	Unknown	0.00012594
SRR5371261	CAYDRSLLQETQYF	TRBV30	TRBJ2-5	Unknown	0.00011396
SRR5371261	CASTPGRLRHEQYF	TRBV19	TRBJ2-7	Unknown	0.00010796
SRR5371261	CASGGTRGTGELFF	TRBV19	TRBJ2-2	Unknown	0.00010196
SRR5371261	CASRSRGDPSYEQYF	TRBV11-2	TRBJ2-7	Unknown	0.00010196
SRR5371261	CASNPTAYQETQYF	TRBV19	TRBJ2-5	Unknown	8.397e-05
SRR5371261	CASSLVPMGNSPLHF	TRBV5-5	TRBJ1-6	Unknown	7.797e-05
SRR5371261	CASSISRGFYGYTF	TRBV19	TRBJ1-2	Unknown	6.597e-05
SRR5371261	CAWSPNLWTAPRVFF	TRBV30	TRBJ1-1	Unknown	5.997e-05
SRR5371261	CATGQHYAGGYTF	TRBV19	TRBJ1-2	Unknown	5.397e-05
SRR5371261	CAWSIAGWDTGELFF	TRBV30	TRBJ2-2	Unknown	5.397e-05
SRR5371261	CSAGGGDRGDYGYTF	TRBV20-1	TRBJ1-2	Unknown	5.397e-05
SRR5371261	CASSFSFGSTIYF	TRBV27	TRBJ1-3	Unknown	4.797e-05
SRR5371261	CASGVIWADTEAFF	TRBV19	TRBJ1-1	Unknown	3.599e-05
SRR5371261	CASSGVRTTGELFF	TRBV2	TRBJ2-2	Unknown	2.999e-05
SRR5371261	CASSLLGGDAFF	TRBV5-6	TRBJ1-1	Unknown	2.999e-05
SRR5371261	CATQAGNSGNTIYF	TRBV19	TRBJ1-3	Unknown	2.999e-05
SRR5371261	CASSLGQGSTIYF	TRBV5-6	TRBJ1-3	Unknown	2.399e-05
SRR5371261	CASSPGLLRTEAFF	TRBV19	TRBJ1-1	Unknown	2.399e-05
SRR5371261	CASSFSYYQETQYF	TRBV19	TRBJ2-5	Unknown	1.2e-05
SRR5371261	CASRGGGAKQYF	TRBV13	TRBJ2-7	Unknown	6e-06
SRR5371261	CASRTRSGLGTQYF	TRBV19	TRBJ2-5	Unknown	6e-06
SRR5371261	CASSIDYTRHAQYF	TRBV19	TRBJ2-7	Unknown	6e-06
SRR5371261	CASSLINEAFF	TRBV12-3	TRBJ1-1	Unknown	6e-06
SRR5371261	CASSTSLTDTQYF	TRBV9	TRBJ2-3	Unknown	6e-06
SRR5371261	CASSVSSRGDYEQYF	TRBV9	TRBJ2-7	Unknown	6e-06
SRR5371261	CASSYRVRTDTQYF	TRBV7-8	TRBJ2-3	Unknown	6e-06
SRR5371261	CAWSRRRLEAFF	TRBV30	TRBJ1-1	Unknown	6e-06
SRR5371257	CSASRLASQNEQFF	TRBV20-1	TRBJ2-1	Unknown	0.20484509
SRR5371257	CSTSYVLGDTQYF	TRBV20-1	TRBJ2-3	Unknown	0.13549886
SRR5371257	CASSTLQGHIQYF	TRBV28	TRBJ2-4	Unknown	0.08704777
SRR5371257	CASSLVGFLAGGNTQYF	TRBV7-2	TRBJ2-3	Unknown	0.06222911
SRR5371257	CASRSRGNPSYEQYF	TRBV7-2	TRBJ2-7	Unknown	0.05515762
SRR5371257	CASSIVTVYEQYF	TRBV5-6	TRBJ2-7	Unknown	0.05068661
SRR5371257	CASSLRVMDRGTQYF	TRBV7-2	TRBJ2-3	Unknown	0.04895295
SRR5371257	CASSLGYGGGEQFF	TRBV7-2	TRBJ2-1	Unknown	0.04005656
SRR5371257	CASSRLPGPGNTIYF	TRBV4-3	TRBJ1-3	Unknown	0.03563119
SRR5371257	CASSLYGQGHQPQHF	TRBV12-4	TRBJ1-5	Unknown	0.03512933
SRR5371257	CSARVSFDTEAFF	TRBV20-1	TRBJ1-1	Unknown	0.0310233
SRR5371257	CASSFGQGTTQYF	TRBV5-6	TRBJ2-5	Unknown	0.02792097
SRR5371257	CASSLGQGSFGYTF	TRBV5-6	TRBJ1-2	Unknown	0.02714539
SRR5371257	CASSYDSRTGGPSSYNEQFF	TRBV6-3	TRBJ2-1	Unknown	0.02157945
SRR5371257	CSARLSTLSEQYF	TRBV20-1	TRBJ2-7	Unknown	0.01719968
SRR5371257	CASSLRSGGSHEQYF	TRBV7-2	TRBJ2-7	Unknown	0.01546604
SRR5371257	CASSLRVTDTQYF	TRBV7-2	TRBJ2-3	Unknown	0.01510106
SRR5371257	CASSSRGGNEQYF	TRBV7-3	TRBJ2-7	Unknown	0.01505543
SRR5371257	CSARGGHWSDYEQYF	TRBV20-1	TRBJ2-7	Unknown	0.0127743
SRR5371257	CSASPSQGGFSDTQYF	TRBV20-1	TRBJ2-3	Unknown	0.01272869
SRR5371257	CASSWDRLLGNEQFF	TRBV6-5	TRBJ2-1	Unknown	0.0121356
SRR5371257	CASSGLQETQYF	TRBV9	TRBJ2-5	Unknown	0.00948949
SRR5371257	CASSIRTGGSEQFF	TRBV19	TRBJ2-1	Unknown	0.00898763
SRR5371257	CASSNSWGEQFF	TRBV19	TRBJ2-1	Unknown	0.00780146
SRR5371257	CASRTVHYTGELFF	TRBV19	TRBJ2-2	Unknown	0.00255487
SRR5371257	CASSRSTYQGGEQYF	TRBV5-6	TRBJ2-7	Unknown	0.00191614
SRR5371257	CASSPWGTGGADEKLFF	TRBV7-9	TRBJ1-4	Unknown	0.00164242
SRR5371257	CASSFSYYQETQYF	TRBV19	TRBJ2-5	Unknown	0.00095808
SRR5371257	CAWSLTGVRSQPQHF	TRBV30	TRBJ1-5	Unknown	0.00072997
SRR5371257	CASSPGLLRTEAFF	TRBV19	TRBJ1-1	Unknown	0.0005931
SRR5371257	CASSRLGGSAFF	TRBV5-6	TRBJ1-1	Unknown	0.0005931
SRR5371257	CASGEAWGYGYTF	TRBV19	TRBJ1-2	Unknown	0.00050186
SRR5371257	CASSIPGGTGTQYF	TRBV19	TRBJ2-3	Unknown	0.00036498
SRR5371257	CASSHISSYGNQPQHF	TRBV19	TRBJ1-5	Unknown	9.124e-05
SRR5371257	CASSIVSGAAASPLHF	TRBV19	TRBJ1-6	Unknown	9.124e-05
SRR5371257	CASSDLTDTQYF	TRBV2	TRBJ2-3	Unknown	4.563e-05
SRR5371257	CASSEGPNSGTEAFF	TRBV9	TRBJ1-1	Unknown	4.563e-05
SRR5371257	CASSHRDRSYEQYF	TRBV18	TRBJ2-7	Unknown	4.563e-05
SRR5371257	CASSLRAALGNEQFF	TRBV7-9	TRBJ2-1	Unknown	4.563e-05
SRR5371257	CASSQLPSGGDNEQFF	TRBV3-1	TRBJ2-1	Unknown	4.563e-05
SRR5371257	CASSQPALRGSDTGELFF	TRBV4-3	TRBJ2-2	Unknown	4.563e-05
SRR5371257	CASTPEANTGELFF	TRBV5-1	TRBJ2-2	Unknown	4.563e-05
SRR5371255	CASSLAAADSYEQYF	TRBV7-2	TRBJ2-7	Unknown	0.07455552
SRR5371255	CASSVRFTDTQYF	TRBV7-2	TRBJ2-3	Unknown	0.0628156
SRR5371255	CASSVRFTDTQYF	TRBV7-2	TRBJ2-3	Unknown	0.0628156
SRR5371255	CASSVRFTDTQYF	TRBV7-2	TRBJ2-3	Unknown	0.0628156
SRR5371255	CASSVRFTDTQYF	TRBV7-2	TRBJ2-3	Unknown	0.0628156
SRR5371255	CASSPLQRYEQYF	TRBV28	TRBJ2-7	TRBD1	0.05947338
SRR5371255	CASSLHWDSEQYF	TRBV7-3	TRBJ2-7	TRBD1	0.05700549
SRR5371255	CASSIRSTDTQYF	TRBV7-2	TRBJ2-3	Unknown	0.03815698
SRR5371255	CASSIRSTDTQYF	TRBV7-2	TRBJ2-3	Unknown	0.03815698
SRR5371255	CASSIRSTDTQYF	TRBV7-2	TRBJ2-3	Unknown	0.03815698
SRR5371255	CASSIRSTDTQYF	TRBV7-2	TRBJ2-3	Unknown	0.03815698
SRR5371255	CSVDPGGIETQYF	TRBV29-1	TRBJ2-5	TRBD1	0.0281332
SRR5371255	CASSFRSTDTQYF	TRBV7-3	TRBJ2-3	Unknown	0.0179796
SRR5371255	CASSFRSTDTQYF	TRBV7-2	TRBJ2-3	Unknown	0.0179796
SRR5371255	CASSFRSTDTQYF	TRBV7-2	TRBJ2-3	Unknown	0.0179796
SRR5371255	CSVGPPDGELFF	TRBV29-1	TRBJ2-2	TRBD2	0.01632386
SRR5371255	CASSLRSTDTQYF	TRBV7-2	TRBJ2-3	Unknown	0.01412138
SRR5371255	CASSLRSTDTQYF	TRBV7-2	TRBJ2-3	Unknown	0.01412138
SRR5371255	CASSLRSTDTQYF	TRBV7-2	TRBJ2-3	Unknown	0.01412138
SRR5371255	CASSLRSTDTQYF	TRBV7-2	TRBJ2-3	Unknown	0.01412138
SRR5371255	CASSLRSTDTQYF	TRBV7-2	TRBJ2-3	Unknown	0.01412138
SRR5371255	CASSLRSTDTQYF	TRBV7-2	TRBJ2-3	Unknown	0.01412138
SRR5371255	CASSLSIQGPSYEQYF	TRBV7-9	TRBJ2-7	TRBD1	0.0126533
SRR5371255	CASGWLAGAGDTQYF	TRBV7-2	TRBJ2-3	TRBD2	0.01077445
SRR5371255	CSPPGPGKWPQHF	TRBV29-1	TRBJ1-5	TRBD1	0.00944089
SRR5371255	CASSQVAVEGAPQYF	TRBV4-3	TRBJ2-5	TRBD1	0.00943908
SRR5371255	CASSLLQSHEAFF	TRBV28	TRBJ1-1	Unknown	0.00938231
SRR5371255	CASSLRATDTQYF	TRBV7-2	TRBJ2-3	TRBD2	0.00685838
SRR5371255	CASSHRALGGNTIYF	TRBV4-2	TRBJ1-3	TRBD1	0.00581771
SRR5371255	CASSVRSTDTQYF	TRBV7-2	TRBJ2-3	Unknown	0.00521095
SRR5371255	CASSVRSTDTQYF	TRBV7-2	TRBJ2-3	Unknown	0.00521095
SRR5371255	CASSVRSTDTQYF	TRBV7-2	TRBJ2-3	Unknown	0.00521095
SRR5371255	CSVGIGEWADTQYF	TRBV29-1	TRBJ2-3	Unknown	0.00416955
SRR5371255	CASSLRTTDTQYF	TRBV7-2	TRBJ2-3	Unknown	0.00401045
SRR5371255	CASSLRTTDTQYF	TRBV7-2	TRBJ2-3	Unknown	0.00401045
SRR5371255	CASSLRTTDTQYF	TRBV7-2	TRBJ2-3	Unknown	0.00401045
SRR5371255	CASSVYSGNEQFF	TRBV9	TRBJ2-1	Unknown	0.00390921
SRR5371255	CSEGEGLGETQYF	TRBV29-1	TRBJ2-5	TRBD2	0.00389583
SRR5371255	CASSFGAGEGDTQYF	TRBV5-1	TRBJ2-3	TRBD2	0.00388932
SRR5371255	CASSLGGQGGTQYF	TRBV5-1	TRBJ2-5	TRBD1	0.00331077
SRR5371255	CASSLGGQGGTQYF	TRBV5-1	TRBJ2-5	TRBD1	0.00331077
SRR5371255	CASSRTGTERDSPLHF	TRBV12-4	TRBJ1-6	TRBD1	0.00308549
SRR5371255	CASSIRFTDTQYF	TRBV7-2	TRBJ2-3	Unknown	0.00257275
SRR5371255	CASSIRFTDTQYF	TRBV7-2	TRBJ2-3	Unknown	0.00257275
SRR5371255	CAIAVGGDSYEQYF	TRBV10-3	TRBJ2-7	TRBD1	0.00253731
SRR5371255	CASSFFVNEQFF	TRBV5-1	TRBJ2-1	Unknown	0.00228456
SRR5371255	CASSLGLAGESSYEQYF	TRBV13	TRBJ2-7	TRBD2	0.00221224
SRR5371255	CSVEDQSGEKLFF	TRBV29-1	TRBJ1-4	Unknown	0.00220754
SRR5371255	CASSIRATDTQYF	TRBV7-2	TRBJ2-3	TRBD2	0.00209834
SRR5371255	CASSIRATDTQYF	TRBV7-3	TRBJ2-3	Unknown	0.00209834
SRR5371255	CASSIRATDTQYF	TRBV7-2	TRBJ2-3	Unknown	0.00209834
SRR5371255	CASSIRTSGYHEQYF	TRBV7-2	TRBJ2-7	TRBD2	0.00209327
SRR5371255	CASSPIRQGTGNTIYF	TRBV3-1	TRBJ1-3	Unknown	0.00200541
SRR5371255	CASSLASAGGTDTQYF	TRBV7-6	TRBJ2-3	TRBD2	0.00192947
SRR5371255	CASSLASAGGTDTQYF	TRBV7-6	TRBJ2-3	TRBD2	0.00192947
SRR5371255	CAIGKVLWGQENTEAFF	TRBV10-3	TRBJ1-1	TRBD1	0.0018944
SRR5371255	CASSPYGQTDQETQYF	TRBV4-1	TRBJ2-5	TRBD1	0.0018351
SRR5371255	CASSFTTSGELFF	TRBV5-6	TRBJ2-2	Unknown	0.00181485
SRR5371255	CASSVAGTGLDTQYF	TRBV9	TRBJ2-3	TRBD1	0.00177001
SRR5371255	CSAGTGYAWATGELFF	TRBV29-1	TRBJ2-2	TRBD1	0.00175084
SRR5371255	CASSSETTGAYNEQFF	TRBV7-9	TRBJ2-1	TRBD2	0.00161922
SRR5371255	CASSVGGGAGDTQYF	TRBV9	TRBJ2-3	TRBD1	0.00151762
SRR5371255	CASSQVYQGGLRELFF	TRBV4-3	TRBJ2-2	TRBD1	0.00151328
SRR5371255	CASSFSVTGELFF	TRBV5-6	TRBJ2-2	Unknown	0.00150641
SRR5371255	CASSLGQGAVIQYF	TRBV4-2	TRBJ2-4	TRBD1	0.00123087
SRR5371255	CASSLFGAETQYF	TRBV5-5	TRBJ2-5	TRBD1	0.00119254
SRR5371255	CASSRLGLGQETQYF	TRBV4-3	TRBJ2-5	TRBD2	0.00117916
SRR5371255	CASSLSQGGTYEQYF	TRBV7-3	TRBJ2-7	TRBD1	0.00116542
SRR5371255	CASSLIDRAYEQYF	TRBV7-2	TRBJ2-7	Unknown	0.00115421
SRR5371255	CASSQELGLAKAYEQYF	TRBV4-2	TRBJ2-7	TRBD2	0.00104465
SRR5371255	CASSSTAQETQYF	TRBV11-2	TRBJ2-5	Unknown	0.00103416
SRR5371255	CASSKEQAATNEKLFF	TRBV21-1	TRBJ1-4	TRBD1	0.00102368
SRR5371255	CASSLVGGQLNSNQPQHF	TRBV7-2	TRBJ1-5	TRBD1	0.00102115
SRR5371255	CASSIRTSGSHEQYF	TRBV7-2	TRBJ2-7	TRBD2	0.00097667
SRR5371255	CSVGGPGGFSETQYF	TRBV29-1	TRBJ2-5	TRBD2	0.00097305
SRR5371255	CASSLRWTDTQYF	TRBV7-2	TRBJ2-3	Unknown	0.00095063
SRR5371255	CASSLRWTDTQYF	TRBV7-2	TRBJ2-3	Unknown	0.00095063
SRR5371255	CASSFLATDTQYF	TRBV7-2	TRBJ2-3	Unknown	0.00091954
SRR5371255	CASSSPRTRVYNEQFF	TRBV7-7	TRBJ2-1	TRBD2	0.0009152
SRR5371255	CATSDLGGPTFTDTQYF	TRBV24-1	TRBJ2-3	Unknown	0.0009011
SRR5371255	CASSLRVTDTQYF	TRBV7-2	TRBJ2-3	Unknown	0.00088808
SRR5371255	CASSLPGRTDTQYF	TRBV11-1	TRBJ2-3	TRBD1	0.00087108
SRR5371255	CSVAAALGEQFF	TRBV29-1	TRBJ2-1	TRBD2	0.00083275
SRR5371255	CASSRNWNTDTQYF	TRBV7-8	TRBJ2-3	Unknown	0.00082733
SRR5371255	CASRQGAGTEAFF	TRBV7-3	TRBJ1-1	TRBD1	0.00081612
SRR5371255	CSAKSPISTGPGDNEQFF	TRBV20-1	TRBJ2-1	TRBD1	0.00081395
SRR5371255	CASSFRHTDTQYF	TRBV7-2	TRBJ2-3	Unknown	0.00081359
SRR5371255	CASSLTGFDSPLHF	TRBV7-3	TRBJ1-6	TRBD1	0.00081214
SRR5371255	CASSQGLNTEAFF	TRBV7-3	TRBJ1-1	TRBD2	0.00076658
SRR5371255	CASSLRQEFGYEQYF	TRBV7-2	TRBJ2-7	TRBD1	0.00070837
SRR5371255	CASSQSRDFYGYTF	TRBV7-2	TRBJ1-2	TRBD2	0.00063424
SRR5371255	CASSQDRAGGGRDTGELFF	TRBV4-3	TRBJ2-2	TRBD2	0.00061724
SRR5371255	CASSSRPGNTIYF	TRBV7-2	TRBJ1-3	Unknown	0.00061218
SRR5371255	CASSPPSFLRGSYEQYF	TRBV27	TRBJ2-7	TRBD1	0.00060929
SRR5371255	CSVATTYLSYEQYF	TRBV29-1	TRBJ2-7	Unknown	0.00060242
SRR5371255	CAGTGGAYETQYF	TRBV7-2	TRBJ2-5	TRBD1	0.00057964
SRR5371255	CASSLDSGATYEQYF	TRBV11-1	TRBJ2-7	Unknown	0.00057855
SRR5371255	CASSLVSGDTEAFF	TRBV7-8	TRBJ1-1	TRBD1	0.00057096
SRR5371255	CASSRTGMNTEAFF	TRBV11-3	TRBJ1-1	TRBD1	0.00054709
SRR5371255	CASGLTSGREETQYF	TRBV28	TRBJ2-5	TRBD2	0.00054529
SRR5371255	CATGGRSGANTGELFF	TRBV24-1	TRBJ2-2	TRBD1	0.00054275
SRR5371255	CASSQASLQETQYF	TRBV4-3	TRBJ2-5	Unknown	0.00052901
SRR5371255	CASSPPPTGGELFF	TRBV4-3	TRBJ2-2	TRBD2	0.00050768
SRR5371255	CASSLGVALSSYNEQFF	TRBV5-1	TRBJ2-1	TRBD2	0.00050262
SRR5371255	CASSLGLADTQYF	TRBV5-5	TRBJ2-3	TRBD2	0.00049068
SRR5371255	CASSLAAGGSYEQYF	TRBV7-2	TRBJ2-7	TRBD1	0.00045886
SRR5371255	CASSLRTGDTGELFF	TRBV7-2	TRBJ2-2	TRBD1	0.00045886
SRR5371255	CASSWRSGSTDTQYF	TRBV7-2	TRBJ2-3	Unknown	0.00045019
SRR5371255	CASSQVNRAVEAFF	TRBV4-3	TRBJ1-1	TRBD1	0.00041728
SRR5371255	CSVGNTDTQYF	TRBV29-1	TRBJ2-3	Unknown	0.00041547
SRR5371255	CASSLEFRETQYF	TRBV7-6	TRBJ2-5	Unknown	0.00039305
SRR5371255	CASSYWGQGDTEAFF	TRBV7-2	TRBJ1-1	TRBD1	0.00034966
SRR5371255	CSARTDGNEQFF	TRBV20-1	TRBJ2-1	Unknown	0.00034749
SRR5371255	CASRRQGAGELFF	TRBV25-1	TRBJ2-2	TRBD1	0.00034279
SRR5371255	CASSWSGPSPLHF	TRBV12-3	TRBJ1-6	TRBD2	0.00034243
SRR5371255	CSARSRGGHTQFF	TRBV20-1	TRBJ2-1	TRBD1	0.00032363
SRR5371255	CASSQDLLLGGDTQYF	TRBV14	TRBJ2-3	TRBD2	0.00032073
SRR5371255	CASSLRAGGGDTQYF	TRBV7-2	TRBJ2-3	TRBD2	0.00031242
SRR5371255	CASSLRASGSHEQFF	TRBV7-2	TRBJ2-1	TRBD2	0.00030338
SRR5371255	CASSPARGRNEQFF	TRBV7-2	TRBJ2-1	TRBD2	0.00030193
SRR5371255	CASSWGTGVNEQYF	TRBV5-6	TRBJ2-7	TRBD1	0.00027771
SRR5371255	CAWSEYMGTEAFF	TRBV30	TRBJ1-1	Unknown	0.00027409
SRR5371255	CASSPPGLPTGNEQFF	TRBV7-2	TRBJ2-1	TRBD2	0.00026758
SRR5371255	CASSLRDINYEQYF	TRBV9	TRBJ2-7	TRBD1	0.00026035
SRR5371255	CASSVRTTDTQYF	TRBV7-2	TRBJ2-3	Unknown	0.00026035
SRR5371255	CASSETGGASYQFETQYF	TRBV4-2	TRBJ2-5	TRBD1	0.00025131
SRR5371255	CASSLDLAYNEQFF	TRBV7-2	TRBJ2-1	TRBD2	0.00024878
SRR5371255	CASSPGTSGGSYNEQFF	TRBV12-3	TRBJ2-1	TRBD2	0.00024805
SRR5371255	CASSVGTDMESETQYF	TRBV9	TRBJ2-5	Unknown	0.00024552
SRR5371255	CASSLGGQGLSYEQYF	TRBV5-1	TRBJ2-7	TRBD1	0.00023974
SRR5371255	CASSLGLAGTDTQYF	TRBV4-3	TRBJ2-3	TRBD2	0.00023793
SRR5371255	CASSLNRLVSEQFF	TRBV27	TRBJ2-1	TRBD2	0.00023359
SRR5371255	CASSFILAGGDTGELFF	TRBV28	TRBJ2-2	TRBD2	0.00023287
SRR5371255	CASSFILAGGDTGELFF	TRBV28	TRBJ2-2	TRBD2	0.00023287
SRR5371255	CASSFRVTDTQYF	TRBV7-2	TRBJ2-3	TRBD1	0.00023142
SRR5371255	CASSRLAGDLDTQYF	TRBV4-3	TRBJ2-3	TRBD2	0.00022961
SRR5371255	CASSYWGLARDNEQFF	TRBV6-2	TRBJ2-1	TRBD2	0.00022781
SRR5371255	CASSRVHEQFF	TRBV21-1	TRBJ2-1	Unknown	0.00022744
SRR5371255	CASSLGGRSGANVLTF	TRBV12-3	TRBJ2-6	TRBD2	0.00022636
SRR5371255	CSGGQGGIQYF	TRBV29-1	TRBJ2-4	TRBD1	0.0002184
SRR5371255	CATQLAGAYEQYF	TRBV10-3	TRBJ2-7	TRBD2	0.0002166
SRR5371255	CSVGLAFEDTQYF	TRBV29-1	TRBJ2-3	Unknown	0.00021479
SRR5371255	CASSQGSAIEQFF	TRBV3-1	TRBJ2-1	Unknown	0.00020213
SRR5371255	CASSIRTTDTQYF	TRBV7-2	TRBJ2-3	Unknown	0.00020141
SRR5371255	CASSAWGGLAGTGANVLTF	TRBV7-3	TRBJ2-6	TRBD2	0.00020032
SRR5371255	CASSGLWGVYEQYF	TRBV7-9	TRBJ2-7	TRBD1	0.00019454
SRR5371255	CASSGASFSYNEQFF	TRBV6-1	TRBJ2-1	TRBD2	0.00019345
SRR5371255	CSVVVLAGGPADTQYF	TRBV29-1	TRBJ2-3	TRBD2	0.00018984
SRR5371255	CASSLSGLAGQFGNMQPITDTQYF	TRBV7-2	TRBJ2-3	TRBD2	0.00018478
SRR5371255	CASSVLAGRQETQYF	TRBV2	TRBJ2-5	TRBD2	0.00018333
SRR5371255	CASSYSGGQGLITGELFF	TRBV6-5	TRBJ2-2	TRBD1	0.00018152
SRR5371255	CASSTGTSGETQYF	TRBV19	TRBJ2-5	TRBD1	0.0001779
SRR5371255	CSASPSSEETQYF	TRBV20-1	TRBJ2-5	Unknown	0.00017754
SRR5371255	CASSPKRASYNEQFF	TRBV7-8	TRBJ2-1	Unknown	0.00017646
SRR5371255	CASSLAFFRAGGPDTQYF	TRBV7-2	TRBJ2-3	TRBD2	0.00017465
SRR5371255	CASSIRQSDTQYF	TRBV7-2	TRBJ2-3	TRBD1	0.00017393
SRR5371255	CSVEVGWDTGELFF	TRBV29-1	TRBJ2-2	Unknown	0.00017393
SRR5371255	CASSQGTGGNEQFF	TRBV4-3	TRBJ2-1	TRBD2	0.0001732
SRR5371255	CSATSDSTSTDTQYF	TRBV20-1	TRBJ2-3	TRBD2	0.00017248
SRR5371255	CASSLISDTQYF	TRBV11-2	TRBJ2-3	Unknown	0.00017248
SRR5371255	CATTYSGYSYEQYF	TRBV7-2	TRBJ2-7	Unknown	0.00016959
SRR5371255	CASPGGSYEQYF	TRBV7-3	TRBJ2-7	TRBD1	0.0001638
SRR5371255	CASSLGTGELFF	TRBV7-2	TRBJ2-2	Unknown	0.00015838
SRR5371255	CASSLGTGELFF	TRBV7-2	TRBJ2-2	Unknown	0.00015838
SRR5371255	CSAREQNLYGYTF	TRBV20-1	TRBJ1-2	Unknown	0.00015802
SRR5371255	CSARLSDLSDTQYF	TRBV20-1	TRBJ2-3	TRBD2	0.00015729
SRR5371255	CASTYPTGDLNYGYTF	TRBV28	TRBJ1-2	TRBD1	0.00015295
SRR5371255	CASSLLDRAYEQYF	TRBV7-2	TRBJ2-7	TRBD1	0.00015223
SRR5371255	CASSLRSEFSYEQYF	TRBV7-2	TRBJ2-7	Unknown	0.00015187
SRR5371255	CASSLGGAGAVFDEQFF	TRBV11-2	TRBJ2-1	TRBD2	0.0001497
SRR5371255	CASSLTGGSDTQYF	TRBV7-3	TRBJ2-3	TRBD2	0.00014898
SRR5371255	CASSLWGQDTEAFF	TRBV7-2	TRBJ1-1	TRBD1	0.00014789
SRR5371255	CASSNSIISTDTQYF	TRBV4-3	TRBJ2-3	Unknown	0.00014753
SRR5371255	CASSGRVYGTDTQYF	TRBV7-2	TRBJ2-3	TRBD1	0.00014645
SRR5371255	CASSQEAQRYEQYF	TRBV3-1	TRBJ2-7	TRBD2	0.00014066
SRR5371255	CASRSISRLAGDYTDTQYF	TRBV5-6	TRBJ2-3	TRBD2	0.00013885
SRR5371255	CASSSDVGYGYEQYF	TRBV7-6	TRBJ2-7	Unknown	0.00013813
SRR5371255	CASSQAHTQYF	TRBV3-1	TRBJ2-3	Unknown	0.00013777
SRR5371255	CASSLRYTDTQYF	TRBV7-2	TRBJ2-3	Unknown	0.00013668
SRR5371255	CASSLRYTDTQYF	TRBV7-2	TRBJ2-3	Unknown	0.00013668
SRR5371255	CASSTSGHYNEQFF	TRBV6-2	TRBJ2-1	TRBD2	0.00012837
SRR5371255	CASSYAGAGGREQYF	TRBV7-2	TRBJ2-7	TRBD2	0.00012764
SRR5371255	CASSVAPDTQYF	TRBV2	TRBJ2-3	TRBD1	0.00012692
SRR5371255	CASSLRQGESYTQYF	TRBV5-1	TRBJ2-3	TRBD1	0.00012222
SRR5371255	CASSIRDLNYEQYF	TRBV28	TRBJ2-7	TRBD1	0.00012005
SRR5371255	CASSASLSTGELFF	TRBV7-3	TRBJ2-2	TRBD2	0.00011788
SRR5371255	CASSFGQGGSYEQYF	TRBV7-2	TRBJ2-7	TRBD1	0.0001168
SRR5371255	CASALGLATSTDTQYF	TRBV5-1	TRBJ2-3	TRBD2	0.00011571
SRR5371255	CASSLSGLVGIGAGELFF	TRBV27	TRBJ2-2	TRBD2	0.00011535
SRR5371255	CASSSERTDTQYF	TRBV7-6	TRBJ2-3	Unknown	0.00011426
SRR5371255	CASSGQGEDEQYF	TRBV4-3	TRBJ2-7	TRBD1	0.00011318
SRR5371255	CASSQLSGSGADTQYF	TRBV4-3	TRBJ2-3	TRBD2	0.00011209
SRR5371255	CASSVAGNTIYF	TRBV9	TRBJ1-3	Unknown	0.00010522
SRR5371255	CASSLNTMNTEAFF	TRBV5-1	TRBJ1-1	Unknown	0.00010161
SRR5371255	CASTFFVSYEQYF	TRBV7-2	TRBJ2-7	Unknown	0.00010016
SRR5371255	CASSSWGSSYNEQFF	TRBV7-9	TRBJ2-1	Unknown	0.00010016
SRR5371255	CSVAQDSHYEQYF	TRBV29-1	TRBJ2-7	TRBD1	9.872e-05
SRR5371255	CASSPSSEARYGYTF	TRBV7-2	TRBJ1-2	Unknown	9.438e-05
SRR5371255	CASSPSRRSTDTQYF	TRBV7-3	TRBJ2-3	TRBD2	9.257e-05
SRR5371255	CASSPSRRSTDTQYF	TRBV7-3	TRBJ2-3	TRBD2	9.257e-05
SRR5371255	CASSQHRAGANVLTF	TRBV12-4	TRBJ2-6	TRBD1	9.004e-05
SRR5371255	CSGWTGGDNEQFF	TRBV29-1	TRBJ2-1	TRBD1	9.004e-05
SRR5371255	CASSLREGDTQYF	TRBV7-3	TRBJ2-3	TRBD2	9.004e-05
SRR5371255	CSAAGDGLAGGSYEQYF	TRBV20-1	TRBJ2-7	TRBD2	8.968e-05
SRR5371255	CASSQEQGNLDTQYF	TRBV4-3	TRBJ2-3	TRBD1	8.787e-05
SRR5371255	CSVSSGQTPQETQYF	TRBV29-1	TRBJ2-5	TRBD1	8.714e-05
SRR5371255	CSASKQLTDTQYF	TRBV20-1	TRBJ2-3	Unknown	8.606e-05
SRR5371255	CASSLHPPSGSGTDTQYF	TRBV7-3	TRBJ2-3	TRBD2	8.534e-05
SRR5371255	CASSFSLGENLNEQYF	TRBV4-2	TRBJ2-7	Unknown	8.353e-05
SRR5371255	CASSLTTGGEQYF	TRBV28	TRBJ2-7	TRBD1	8.244e-05
SRR5371255	CASSLSGIDDPGLAGARQYF	TRBV27	TRBJ2-3	TRBD2	8.208e-05
SRR5371255	CASSFNTGGSYNEQFF	TRBV5-1	TRBJ2-1	Unknown	8.136e-05
SRR5371255	CASRGLLSYEQYF	TRBV27	TRBJ2-7	TRBD2	8.1e-05
SRR5371255	CASSEFLSSPSGSYNEQFF	TRBV6-1	TRBJ2-1	TRBD2	8.064e-05
SRR5371255	CASSPYGQGANSPLHF	TRBV7-3	TRBJ1-6	TRBD1	8.064e-05
SRR5371255	CASSMGRNNSPLHF	TRBV13	TRBJ1-6	TRBD1	8.027e-05
SRR5371255	CASSPWGQINEQFF	TRBV6-2	TRBJ2-1	TRBD1	7.774e-05
SRR5371255	CSARDGLAGNEQYF	TRBV20-1	TRBJ2-7	TRBD2	7.774e-05
SRR5371255	CSVGLGSANYGYTF	TRBV29-1	TRBJ1-2	Unknown	7.63e-05
SRR5371255	CASSWTVSGELFF	TRBV5-6	TRBJ2-2	TRBD1	7.485e-05
SRR5371255	CARPGPREKLFF	TRBV28	TRBJ1-4	TRBD1	7.377e-05
SRR5371255	CASSSGDQETQYF	TRBV5-4	TRBJ2-5	Unknown	7.304e-05
SRR5371255	CSVEQGGDTQYF	TRBV29-1	TRBJ2-3	TRBD1	7.268e-05
SRR5371255	CASSLYWSQDPIYNSPLHF	TRBV7-9	TRBJ1-6	Unknown	7.196e-05
SRR5371255	CASSLDNRNYGYTF	TRBV27	TRBJ1-2	Unknown	7.123e-05
SRR5371255	CASSSGRTGEGETQYF	TRBV2	TRBJ2-5	TRBD1	7.123e-05
SRR5371255	CSAIQGGSYNEQFF	TRBV20-1	TRBJ2-1	TRBD2	7.123e-05
SRR5371255	CASSDDGGGANVLTF	TRBV2	TRBJ2-6	TRBD1	6.979e-05
SRR5371255	CASMSGLAHSYEQYF	TRBV2	TRBJ2-7	TRBD2	6.87e-05
SRR5371255	CSAGTSGTDTQYF	TRBV20-1	TRBJ2-3	TRBD2	6.726e-05
SRR5371255	CASRGTSGILTQYF	TRBV2	TRBJ2-3	TRBD2	6.726e-05
SRR5371255	CASSQVNMNTEAFF	TRBV4-2	TRBJ1-1	Unknown	6.726e-05
SRR5371255	CASSIPWGGSPLHF	TRBV19	TRBJ1-6	Unknown	6.69e-05
SRR5371255	CASSLLGQGAGELFF	TRBV7-2	TRBJ2-2	TRBD1	6.581e-05
SRR5371255	CASSEQGGYEQYF	TRBV6-1	TRBJ2-7	TRBD1	6.473e-05
SRR5371255	CASSIDAASGGETQYF	TRBV19	TRBJ2-5	TRBD2	6.436e-05
SRR5371255	CASSQGHGTSGREETQYF	TRBV4-3	TRBJ2-5	TRBD2	6.4e-05
SRR5371255	CSAKPPLAGGDNEQFF	TRBV20-1	TRBJ2-1	TRBD2	6.4e-05
SRR5371255	CASSLTTIGQGKQPQHF	TRBV27	TRBJ1-5	TRBD1	6.364e-05
SRR5371255	CASILGGSRNEQFF	TRBV6-2	TRBJ2-1	TRBD1	6.328e-05
SRR5371255	CASSLRGQGFTSGDNEQFF	TRBV11-1	TRBJ2-1	TRBD1	6.292e-05
SRR5371255	CASSESVLAETYEQYF	TRBV10-2	TRBJ2-7	TRBD2	6.002e-05
SRR5371255	CSARGSGSWDEQFF	TRBV20-1	TRBJ2-1	TRBD2	6.002e-05
SRR5371255	CAWSVMGWDTGELFF	TRBV30	TRBJ2-2	Unknown	5.93e-05
SRR5371255	CASSEGREVTEAFF	TRBV9	TRBJ1-1	TRBD2	5.822e-05
SRR5371255	CASSPRAGTPNSGANVLTF	TRBV4-1	TRBJ2-6	TRBD1	5.786e-05
SRR5371255	CASSGETLSYEQYF	TRBV6-1	TRBJ2-7	TRBD2	5.713e-05
SRR5371255	CASSEDGTSATDTQYF	TRBV7-8	TRBJ2-3	TRBD2	5.677e-05
SRR5371255	CASSPPLGQGGIYEQYF	TRBV18	TRBJ2-7	TRBD1	5.677e-05
SRR5371255	CASSSGAGTTNQYF	TRBV11-1	TRBJ2-7	TRBD1	5.532e-05
SRR5371255	CASSLGTGSMGILGELFF	TRBV11-3	TRBJ2-2	TRBD1	5.496e-05
SRR5371255	CASSYSNREETQYF	TRBV6-6	TRBJ2-5	TRBD1	5.496e-05
SRR5371255	CASSEFKGRWMNEQFF	TRBV25-1	TRBJ2-1	Unknown	5.352e-05
SRR5371255	CASSFSSGISGELFF	TRBV7-6	TRBJ2-2	TRBD2	5.315e-05
SRR5371255	CASSLDLVRSSFNQPQHF	TRBV11-3	TRBJ1-5	Unknown	5.243e-05
SRR5371255	CASSSGLAALYEQYF	TRBV11-2	TRBJ2-7	TRBD2	5.171e-05
SRR5371255	CASSRMNTGELFF	TRBV21-1	TRBJ2-2	Unknown	5.171e-05
SRR5371255	CASTWAGPSTGELFF	TRBV19	TRBJ2-2	TRBD2	4.99e-05
SRR5371255	CASSSSGTSHRYTDTQYF	TRBV5-6	TRBJ2-3	TRBD2	4.882e-05
SRR5371255	CASSQGVLGRENNEQFF	TRBV4-3	TRBJ2-1	TRBD2	4.809e-05
SRR5371255	CSVLTGQGVSGELFF	TRBV29-1	TRBJ2-2	TRBD1	4.701e-05
SRR5371255	CSARDPAGVEQYF	TRBV20-1	TRBJ2-7	TRBD1	4.665e-05
SRR5371255	CASSLRTSGSYYNEQFF	TRBV5-1	TRBJ2-1	TRBD2	4.628e-05
SRR5371255	CASSLWSGDGETQYF	TRBV28	TRBJ2-5	TRBD1	4.592e-05
SRR5371255	CASSFGTRDNEQFF	TRBV5-6	TRBJ2-1	TRBD2	4.592e-05
SRR5371255	CASNSENEKLFF	TRBV21-1	TRBJ1-4	Unknown	4.556e-05
SRR5371255	CSARGPSGSSRSTDTQYF	TRBV20-1	TRBJ2-3	TRBD2	4.52e-05
SRR5371255	CASSSLAGGGINEQFF	TRBV13	TRBJ2-1	TRBD2	4.484e-05
SRR5371255	CASSQPGLAQYF	TRBV14	TRBJ2-3	TRBD1	4.484e-05
SRR5371255	CASSLVPSGGYNEQFF	TRBV7-8	TRBJ2-1	TRBD2	4.484e-05
SRR5371255	CASSGGPRTVYSGNTIYF	TRBV5-1	TRBJ1-3	TRBD1	4.231e-05
SRR5371255	CASSPLADHTGELFF	TRBV18	TRBJ2-2	TRBD2	4.231e-05
SRR5371255	CASSVGNIDNSPLHF	TRBV9	TRBJ1-6	Unknown	4.231e-05
SRR5371255	CASSRAGEGQETQYF	TRBV19	TRBJ2-5	TRBD2	4.195e-05
SRR5371255	CASSLARSYEQYF	TRBV5-4	TRBJ2-7	Unknown	4.158e-05
SRR5371255	CASSIGGFAETQYF	TRBV19	TRBJ2-5	TRBD2	4.122e-05
SRR5371255	CASTSRPRYEQYF	TRBV2	TRBJ2-7	TRBD2	4.05e-05
SRR5371255	CAISVDWNSEQYF	TRBV10-3	TRBJ2-7	Unknown	4.014e-05
SRR5371255	CSVARAWDQPQHF	TRBV29-1	TRBJ1-5	Unknown	4.014e-05
SRR5371255	CASSQVGGSGELFF	TRBV4-3	TRBJ2-2	TRBD1	4.014e-05
SRR5371255	CASSFRQEYSGNTIYF	TRBV5-6	TRBJ1-3	TRBD1	3.978e-05
SRR5371255	CASSFANLYSGNTIYF	TRBV7-2	TRBJ1-3	TRBD1	3.978e-05
SRR5371255	CASSLGTGECFF	TRBV7-2	TRBJ2-2	Unknown	3.941e-05
SRR5371255	CASSLGRSYGYTF	TRBV5-6	TRBJ1-2	Unknown	3.833e-05
SRR5371255	CASSQETWDEKLFF	TRBV3-1	TRBJ1-4	TRBD1	3.833e-05
SRR5371255	CASSLRGSGTADTQYF	TRBV6-2	TRBJ2-3	TRBD1	3.797e-05
SRR5371255	CSASHPTSGTDEQFF	TRBV20-1	TRBJ2-1	TRBD2	3.797e-05
SRR5371255	CASSPGGGLDTGELFF	TRBV11-1	TRBJ2-2	TRBD1	3.761e-05
SRR5371255	CASSSTTLTQYF	TRBV11-3	TRBJ2-5	Unknown	3.724e-05
SRR5371255	CASSPDGQETQYF	TRBV18	TRBJ2-5	Unknown	3.724e-05
SRR5371255	CASSLERDYEQYF	TRBV7-8	TRBJ2-7	Unknown	3.688e-05
SRR5371255	CASSSQGAGNTIYF	TRBV7-9	TRBJ1-3	TRBD1	3.688e-05
SRR5371255	CASSLTWGVASTDTQYF	TRBV4-1	TRBJ2-3	TRBD1	3.688e-05
SRR5371255	CASSVTFDADTQYF	TRBV9	TRBJ2-3	Unknown	3.652e-05
SRR5371255	CASSPTSGRTDTQYF	TRBV12-4	TRBJ2-3	TRBD2	3.616e-05
SRR5371255	CSVEVPPADTQYF	TRBV29-1	TRBJ2-3	TRBD1	3.58e-05
SRR5371255	CASSSGVRGYGYTF	TRBV7-9	TRBJ1-2	TRBD1	3.58e-05
SRR5371255	CASGLGREYEQYF	TRBV12-5	TRBJ2-7	Unknown	3.544e-05
SRR5371255	CASSQGWEKLFF	TRBV3-1	TRBJ1-4	Unknown	3.507e-05
SRR5371255	CASRLGNEQFF	TRBV6-6	TRBJ2-1	TRBD2	3.507e-05
SRR5371255	CASSPGTGKETQYF	TRBV11-2	TRBJ2-5	TRBD1	3.471e-05
SRR5371255	CASSQDGLREEQFF	TRBV4-3	TRBJ2-1	TRBD2	3.435e-05
SRR5371255	CSARVWNTEAFF	TRBV20-1	TRBJ1-1	Unknown	3.399e-05
SRR5371255	CASSLAQPYTDTQYF	TRBV5-1	TRBJ2-3	Unknown	3.399e-05
SRR5371255	CAWSYFGTRAYEQYF	TRBV30	TRBJ2-7	TRBD1	3.363e-05
SRR5371255	CASSQRDGTDTQYF	TRBV3-1	TRBJ2-3	TRBD2	3.363e-05
SRR5371255	CASRQTSGSHEQYF	TRBV5-1	TRBJ2-7	TRBD2	3.327e-05
SRR5371255	CASSYTGLADEQFF	TRBV6-5	TRBJ2-1	TRBD2	3.327e-05
SRR5371255	CASEGQMNTEAFF	TRBV19	TRBJ1-1	TRBD1	3.327e-05
SRR5371255	CASSVETPYQPQHF	TRBV9	TRBJ1-5	TRBD1	3.291e-05
SRR5371255	CASSPSGVNSPLHF	TRBV9	TRBJ1-6	TRBD2	3.254e-05
SRR5371255	CASSQSDRDSTTYEQYF	TRBV23-1	TRBJ2-7	TRBD1	3.254e-05
SRR5371255	CASSSQGHEQFF	TRBV12-3	TRBJ2-1	TRBD2	3.254e-05
SRR5371255	CASSLTQYF	TRBV7-2	TRBJ2-3	Unknown	3.218e-05
SRR5371255	CASSSSSYEQYF	TRBV6-2	TRBJ2-7	Unknown	3.182e-05
SRR5371255	CASTLSTGSGNYEQYF	TRBV6-6	TRBJ2-7	TRBD1	3.146e-05
SRR5371255	CASSLTDGNEQFF	TRBV5-4	TRBJ2-1	Unknown	3.11e-05
SRR5371255	CASSQDPLAGWETQYF	TRBV3-1	TRBJ2-5	TRBD2	3.037e-05
SRR5371255	CASSAQGGYEQYF	TRBV6-1	TRBJ2-7	Unknown	3.037e-05
SRR5371255	CASSDRRAGELFF	TRBV6-2	TRBJ2-2	Unknown	3.001e-05
SRR5371255	CASSLRFTDTQYF	TRBV7-2	TRBJ2-3	Unknown	2.965e-05
SRR5371255	CASSLRFTDTQYF	TRBV7-2	TRBJ2-3	Unknown	2.965e-05
SRR5371255	CASSLRHTDTQYF	TRBV7-3	TRBJ2-3	Unknown	2.929e-05
SRR5371255	CASSFSNTQYF	TRBV12-4	TRBJ2-3	Unknown	2.929e-05
SRR5371255	CASSSPGLADNEQFF	TRBV6-5	TRBJ2-1	TRBD2	2.748e-05
SRR5371255	CSAIMLAKETQYF	TRBV20-1	TRBJ2-5	TRBD2	2.748e-05
SRR5371255	CASSGGVRDSPGAGELFF	TRBV9	TRBJ2-2	TRBD1	2.712e-05
SRR5371255	CASSSRQGNGYTF	TRBV7-3	TRBJ1-2	Unknown	2.676e-05
SRR5371255	CASSPGRLNQPQHF	TRBV6-5	TRBJ1-5	TRBD1	2.676e-05
SRR5371255	CSVGGGLETQYF	TRBV29-1	TRBJ2-5	TRBD1	2.64e-05
SRR5371255	CASSRIYEGELFF	TRBV19	TRBJ2-2	TRBD2	2.603e-05
SRR5371255	CASSLYSGTDVGSLYF	TRBV28	TRBJ1-3	TRBD1	2.603e-05
SRR5371255	CAWSTTPLNEQFF	TRBV30	TRBJ2-1	Unknown	2.495e-05
SRR5371255	CASSEGQAGEKLFF	TRBV6-1	TRBJ1-4	TRBD2	2.495e-05
SRR5371255	CSAGMGWGSNQPQHF	TRBV29-1	TRBJ1-5	Unknown	2.495e-05
SRR5371255	CASSIFALAGVSNNEQFF	TRBV19	TRBJ2-1	TRBD2	2.459e-05
SRR5371255	CASSVEGTQPQHF	TRBV18	TRBJ1-5	TRBD2	2.423e-05
SRR5371255	CASSLGTSVSSYEQYF	TRBV7-2	TRBJ2-7	TRBD2	2.387e-05
SRR5371255	CASSRGQGNGNYGYTF	TRBV5-1	TRBJ1-2	TRBD1	2.35e-05
SRR5371255	CASSDLPTMYYGYTF	TRBV6-4	TRBJ1-2	TRBD2	2.314e-05
SRR5371255	CASRLGQGIYGYTF	TRBV6-5	TRBJ1-2	TRBD1	2.278e-05
SRR5371255	CASSQLSGRASYEQYF	TRBV3-1	TRBJ2-7	TRBD2	2.278e-05
SRR5371255	CASSPRTSGLTDTQYF	TRBV4-3	TRBJ2-3	TRBD2	2.242e-05
SRR5371255	CASSTGQPNYGYTF	TRBV28	TRBJ1-2	TRBD1	2.242e-05
SRR5371255	CASIPDRDGTEAFF	TRBV27	TRBJ1-1	TRBD1	2.206e-05
SRR5371255	CATSDHRGGPLGEQFF	TRBV24-1	TRBJ2-1	TRBD2	2.17e-05
SRR5371255	CASSHPRTSDGYTF	TRBV7-9	TRBJ1-2	TRBD2	2.133e-05
SRR5371255	CAISEAAGRTEAFF	TRBV10-3	TRBJ1-1	TRBD2	2.097e-05
SRR5371255	CSVSRDGVLETEAFF	TRBV29-1	TRBJ1-1	TRBD1	2.097e-05
SRR5371255	CASSSGLALNTDTQYF	TRBV5-4	TRBJ2-3	TRBD2	1.989e-05
SRR5371255	CAWNGLAGKYEQFF	TRBV30	TRBJ2-1	TRBD2	1.916e-05
SRR5371255	CASSQTGSGARNEQFF	TRBV3-1	TRBJ2-1	TRBD2	1.88e-05
SRR5371255	CASSQDSSFGVETQYF	TRBV4-3	TRBJ2-5	TRBD2	1.88e-05
SRR5371255	CSAARGFDGELFF	TRBV20-1	TRBJ2-2	Unknown	1.88e-05
SRR5371255	CASSLRASGAYEQYF	TRBV5-4	TRBJ2-7	TRBD2	1.844e-05
SRR5371255	CASSSSTGHNEKLFF	TRBV9	TRBJ1-4	TRBD1	1.808e-05
SRR5371255	CASSDVTGRNTGELFF	TRBV2	TRBJ2-2	TRBD1	1.772e-05
SRR5371255	CASIFRVTDTQYF	TRBV7-2	TRBJ2-3	TRBD1	1.736e-05
SRR5371255	CASTDRTRGGNQPQHF	TRBV6-6	TRBJ1-5	TRBD1	1.736e-05
SRR5371255	CASSWGGRKETQYF	TRBV7-2	TRBJ2-5	TRBD2	1.736e-05
SRR5371255	CASGGQTASGITGELFF	TRBV18	TRBJ2-2	TRBD1	1.736e-05
SRR5371255	CASEGGRRAFF	TRBV2	TRBJ1-1	TRBD2	1.736e-05
SRR5371255	CASSLAATRNTEAFF	TRBV11-3	TRBJ1-1	Unknown	1.736e-05
SRR5371255	CRATGGGDTEAFF	TRBV20-1	TRBJ1-1	TRBD1	1.699e-05
SRR5371255	CASSADSYEQYF	TRBV9	TRBJ2-7	TRBD1	1.663e-05
SRR5371255	CASSRAGGLGSNQPQHF	TRBV5-6	TRBJ1-5	Unknown	1.663e-05
SRR5371255	CASSRAGGLGSNQPQHF	TRBV5-6	TRBJ1-5	Unknown	1.663e-05
SRR5371255	CASSQRPEDTIYF	TRBV14	TRBJ1-3	TRBD1	1.591e-05
SRR5371255	CASSYTTGGTDTQYF	TRBV18	TRBJ2-3	TRBD1	1.555e-05
SRR5371255	CASSQSGRQRAFF	TRBV16	TRBJ1-1	Unknown	1.519e-05
SRR5371255	CASSVVPGNNSPLHF	TRBV9	TRBJ1-6	TRBD1	1.483e-05
SRR5371255	CASSRLGGRPVQDTQYF	TRBV7-6	TRBJ2-3	TRBD1	1.483e-05
SRR5371255	CASSLLSSGSTVEQFF	TRBV14	TRBJ2-1	TRBD2	1.446e-05
SRR5371255	CSAPSGGGTDTQYF	TRBV20-1	TRBJ2-3	TRBD2	1.446e-05
SRR5371255	CSARDLVIDSPLHF	TRBV20-1	TRBJ1-6	Unknown	1.41e-05
SRR5371255	CASSIRFNRDGYNEQFF	TRBV19	TRBJ2-1	TRBD1	1.374e-05
SRR5371255	CASSPRGLGSGRTDTQYF	TRBV14	TRBJ2-3	TRBD2	1.374e-05
SRR5371255	CASSTGKDLLETQYF	TRBV19	TRBJ2-5	TRBD1	1.266e-05
SRR5371255	CASRRTSGRGSYTGELFF	TRBV6-5	TRBJ2-2	TRBD2	1.266e-05
SRR5371255	CASSGLADLLTDTQYF	TRBV5-4	TRBJ2-3	TRBD2	1.193e-05
SRR5371255	CASSLGGGEEQYF	TRBV11-3	TRBJ2-7	TRBD1	1.193e-05
SRR5371255	CASRHGTGIDQPQHF	TRBV5-1	TRBJ1-5	TRBD1	1.157e-05
SRR5371255	CASSLRGREQETQYF	TRBV7-3	TRBJ2-5	TRBD2	1.157e-05
SRR5371255	CASSKNRGAGELFF	TRBV19	TRBJ2-2	TRBD1	1.121e-05
SRR5371255	CASSLTSGTFNEQFF	TRBV19	TRBJ2-1	TRBD2	1.085e-05
SRR5371255	CASSQETSQTYTGELFF	TRBV4-2	TRBJ2-2	TRBD2	1.085e-05
SRR5371255	CASSLTHGSYGYTF	TRBV4-2	TRBJ1-2	Unknown	1.049e-05
SRR5371255	CASSYNRGDTEAFF	TRBV6-6	TRBJ1-1	TRBD1	1.012e-05
SRR5371255	CASSGGTSGSPSTDTQYF	TRBV19	TRBJ2-3	TRBD2	1.012e-05
SRR5371255	CATSRVLGQGTYNEQFF	TRBV15	TRBJ2-1	TRBD1	1.012e-05
SRR5371255	CASLQENYGYTF	TRBV19	TRBJ1-2	TRBD2	9.76e-06
SRR5371255	CASSQVNRANGYTF	TRBV4-3	TRBJ1-2	TRBD1	9.76e-06
SRR5371255	CASSLWSGDTEAFF	TRBV7-9	TRBJ1-1	Unknown	9.76e-06
SRR5371255	CASNRPGQGEETQYF	TRBV5-4	TRBJ2-5	TRBD1	9.76e-06
SRR5371255	CASSRDLGELFF	TRBV2	TRBJ2-2	TRBD1	9.4e-06
SRR5371255	CASSLGGTGGEKLFF	TRBV7-6	TRBJ1-4	TRBD1	8.32e-06
SRR5371255	CASSGTGMNTEAFF	TRBV2	TRBJ1-1	TRBD1	8.32e-06
SRR5371255	CSGRGEAGGSSYNEQFF	TRBV29-1	TRBJ2-1	TRBD2	8.32e-06
SRR5371255	CASSPRTGDLYGYTF	TRBV4-3	TRBJ1-2	TRBD1	8.32e-06
SRR5371255	CAWKDLLDSGNTIYF	TRBV30	TRBJ1-3	Unknown	7.96e-06
SRR5371255	CASGSLGGNQPQHF	TRBV25-1	TRBJ1-5	TRBD1	7.23e-06
SRR5371255	CASSTLVAGLAGVSNTGELFF	TRBV19	TRBJ2-2	TRBD2	7.23e-06
SRR5371255	CASSVHRGDEKLFF	TRBV25-1	TRBJ1-4	TRBD1	6.87e-06
SRR5371255	CSAKPGHQNTEAFF	TRBV20-1	TRBJ1-1	TRBD1	6.87e-06
SRR5371255	CASSQDLVRREKLFF	TRBV4-3	TRBJ1-4	Unknown	6.51e-06
SRR5371255	CASSRGPEPQHF	TRBV14	TRBJ1-5	Unknown	6.51e-06
SRR5371255	CASSRGPEPQHF	TRBV14	TRBJ1-5	Unknown	6.51e-06
SRR5371255	CASSQDLGQNYGYTF	TRBV4-3	TRBJ1-2	Unknown	6.15e-06
SRR5371255	CASSQANRNTEAFF	TRBV3-1	TRBJ1-1	Unknown	6.15e-06
SRR5371250	CASSVRFTDTQYF	TRBV7-2	TRBJ2-3	Unknown	0.11824795
SRR5371250	CASSIRSTDTQYF	TRBV7-2	TRBJ2-3	Unknown	0.07679936
SRR5371250	CASSFFVNEQFF	TRBV5-1	TRBJ2-1	Unknown	0.06525154
SRR5371250	CSVRNGWDSYEQYF	TRBV29-1	TRBJ2-7	Unknown	0.06075451
SRR5371250	CASSFGQGIDEQYF	TRBV12-3	TRBJ2-7	Unknown	0.03938619
SRR5371250	CASSLGGQGGTQYF	TRBV5-1	TRBJ2-5	Unknown	0.03646016
SRR5371250	CSAGEGLAEIEQYF	TRBV29-1	TRBJ2-7	Unknown	0.03602833
SRR5371250	CASSLRSTDTQYF	TRBV7-2	TRBJ2-3	Unknown	0.03321396
SRR5371250	CSVGEGLGETQYF	TRBV29-1	TRBJ2-5	Unknown	0.03252154
SRR5371250	CASTLRTSDGSEQFF	TRBV7-2	TRBJ2-1	Unknown	0.03222372
SRR5371250	CASSSTAQETQYF	TRBV11-2	TRBJ2-5	Unknown	0.02905197
SRR5371250	CASSLSIQGPSYEQYF	TRBV7-9	TRBJ2-7	Unknown	0.02778625
SRR5371250	CASSLMALGDNEQFF	TRBV7-2	TRBJ2-1	Unknown	0.02437627
SRR5371250	CASSRQVGGETQYF	TRBV7-9	TRBJ2-5	Unknown	0.02400399
SRR5371250	CSASRSWESDTQYF	TRBV20-1	TRBJ2-3	Unknown	0.02333391
SRR5371250	CSASRLADLGNEQFF	TRBV20-1	TRBJ2-1	Unknown	0.02233622
SRR5371250	CASRSRGTASYEQYF	TRBV11-2	TRBJ2-7	Unknown	0.02028873
SRR5371250	CSATEGWDSYEQYF	TRBV29-1	TRBJ2-7	Unknown	0.01906025
SRR5371250	CSVEDQSGEKLFF	TRBV29-1	TRBJ1-4	Unknown	0.01688619
SRR5371250	CASSLRAGGADTQYF	TRBV7-2	TRBJ2-3	Unknown	0.01648413
SRR5371250	CASSLVVDAPGQDSYEQYF	TRBV11-2	TRBJ2-7	Unknown	0.01439196
SRR5371250	CASSFIPIQETQYF	TRBV5-1	TRBJ2-5	Unknown	0.01186798
SRR5371250	CASSTRLAGGHEQFF	TRBV7-2	TRBJ2-1	Unknown	0.01116066
SRR5371250	CSAARGFDGELFF	TRBV20-1	TRBJ2-2	Unknown	0.01097453
SRR5371250	CSVGAGFGEQYF	TRBV29-1	TRBJ2-7	Unknown	0.01092986
SRR5371250	CASSLARLAGEETQYF	TRBV7-2	TRBJ2-5	Unknown	0.01080328
SRR5371250	CASSGGPRTVYSGNTIYF	TRBV5-1	TRBJ1-3	Unknown	0.01020765
SRR5371250	CSARVLRGARGQQETQYF	TRBV20-1	TRBJ2-5	Unknown	0.0093291
SRR5371250	CASSIFRGAGAETSTDTQYF	TRBV19	TRBJ2-3	Unknown	0.00787723
SRR5371250	CASSIMTGGASEQYF	TRBV19	TRBJ2-7	Unknown	0.00749752
SRR5371250	CSASRQGADNEQFF	TRBV20-1	TRBJ2-1	Unknown	0.00749752
SRR5371250	CSVGAGLGETQYF	TRBV29-1	TRBJ2-5	Unknown	0.00723693
SRR5371250	CASSLVSGDTEAFF	TRBV7-8	TRBJ1-1	Unknown	0.00719226
SRR5371250	CASSLRGTDTQYF	TRBV7-3	TRBJ2-3	Unknown	0.00688699
SRR5371250	CASSLRTGDTGELFF	TRBV7-2	TRBJ2-2	Unknown	0.00676787
SRR5371250	CASSPIRQGTGNTIYF	TRBV3-1	TRBJ1-3	Unknown	0.00661152
SRR5371250	CASTHGGAESYEQYF	TRBV7-2	TRBJ2-7	Unknown	0.00617968
SRR5371250	CSARAPRTSGIDFRNEQFF	TRBV20-1	TRBJ2-1	Unknown	0.00507032
SRR5371250	CASSLGGQKPPYEQYF	TRBV7-8	TRBJ2-7	Unknown	0.00492142
SRR5371250	CASSYSIVSADTQYF	TRBV6-6	TRBJ2-3	Unknown	0.00478739
SRR5371250	CATSPGWQGSPLHF	TRBV15	TRBJ1-6	Unknown	0.00468315
SRR5371250	CASSTGTSGETQYF	TRBV19	TRBJ2-5	Unknown	0.00445236
SRR5371250	CASSVGGGAGDTQYF	TRBV9	TRBJ2-3	Unknown	0.004296
SRR5371250	CASTWAGPSTGELFF	TRBV19	TRBJ2-2	Unknown	0.00424389
SRR5371250	CASSAYGQGAGELFF	TRBV7-2	TRBJ2-2	Unknown	0.00382694
SRR5371250	CASSEAVYGTDAQETQYF	TRBV6-1	TRBJ2-5	Unknown	0.00375249
SRR5371250	CASSRIYEGELFF	TRBV19	TRBJ2-2	Unknown	0.00374503
SRR5371250	CASSRLAAGSYNEQFF	TRBV7-2	TRBJ2-1	Unknown	0.00358124
SRR5371250	CASSYLPGETYEQYF	TRBV7-3	TRBJ2-7	Unknown	0.00338021
SRR5371250	CSAPKAGDPYNEQFF	TRBV20-1	TRBJ2-1	Unknown	0.00321642
SRR5371250	CASSLYLTDTQYF	TRBV5-6	TRBJ2-3	Unknown	0.00312707
SRR5371250	CASSLWGGLGGAVDTQYF	TRBV7-2	TRBJ2-3	Unknown	0.00291115
SRR5371250	CAWSPTGWDTGELFF	TRBV30	TRBJ2-2	Unknown	0.00277713
SRR5371250	CASSPGKGYYNEQFF	TRBV5-6	TRBJ2-1	Unknown	0.00263567
SRR5371250	CASSQTVWGETEAFF	TRBV7-2	TRBJ1-1	Unknown	0.00247188
SRR5371250	CASRLALGTDTQYF	TRBV19	TRBJ2-3	Unknown	0.00236764
SRR5371250	CASSHITGFGGEKLFF	TRBV14	TRBJ1-4	Unknown	0.00225596
SRR5371250	CASSLVPLLDGNEQFF	TRBV5-6	TRBJ2-1	Unknown	0.0020326
SRR5371250	CASSLRAGGGDTQYF	TRBV7-2	TRBJ2-3	Unknown	0.00196559
SRR5371250	CASGLGPPIGGETQYF	TRBV5-6	TRBJ2-5	Unknown	0.00189113
SRR5371250	CASSFPISYEQYF	TRBV6-3	TRBJ2-7	Unknown	0.00172734
SRR5371250	CASSLGGGPISTGELFF	TRBV27	TRBJ2-2	Unknown	0.00162311
SRR5371250	CASGNSQSYEQYF	TRBV19	TRBJ2-7	Unknown	0.00144441
SRR5371250	CASSQGYSRSNEQYF	TRBV4-2	TRBJ2-7	Unknown	0.0010349
SRR5371250	CASSPGLDLLGTQYF	TRBV6-2	TRBJ2-3	Unknown	0.0009679
SRR5371250	CASSLPAGVLSEQFF	TRBV19	TRBJ2-1	Unknown	0.00093812
SRR5371250	CASSLIVEWGGDEQFF	TRBV5-4	TRBJ2-1	Unknown	0.00072965
SRR5371250	CASSLIGQMNTEAFF	TRBV11-3	TRBJ1-1	Unknown	0.00069987
SRR5371250	CASSQLPPGLVTGGGTDTQYF	TRBV4-2	TRBJ2-3	Unknown	0.00069242
SRR5371250	CASSIDYLATGETQYF	TRBV19	TRBJ2-5	Unknown	0.00061053
SRR5371250	CASSIVGTGGYNEQFF	TRBV19	TRBJ2-1	Unknown	0.00052118
SRR5371250	CAWTTGLAGGYEQYF	TRBV30	TRBJ2-7	Unknown	0.00034248
SRR5371250	CASSYKLGFWNQPQHF	TRBV6-2	TRBJ1-5	Unknown	0.00033505
SRR5371250	CAWSLGGWDTGELFF	TRBV30	TRBJ2-2	Unknown	0.0002457
SRR5371250	CATSRAGGVGEKLFF	TRBV15	TRBJ1-4	Unknown	0.00023081
SRR5371250	CASTPLAWTYNEQFF	TRBV19	TRBJ2-1	Unknown	0.00020102
SRR5371250	CAWRGGGERGVYNEQFF	TRBV30	TRBJ2-1	Unknown	0.00018613
SRR5371250	CASSQNGGLAPKETQYF	TRBV4-2	TRBJ2-5	Unknown	0.00015635
SRR5371250	CASSIGWTNTQYF	TRBV19	TRBJ2-3	Unknown	0.0001489
SRR5371250	CASSLAGGASYGYTF	TRBV5-4	TRBJ1-2	Unknown	0.00013401
SRR5371250	CASSLYWSQDPIYNSPLHF	TRBV7-9	TRBJ1-6	Unknown	0.00012658
SRR5371250	CASSLVNMNTEAFF	TRBV5-6	TRBJ1-1	Unknown	0.00011169
SRR5371250	CASSNRAGSGYTF	TRBV19	TRBJ1-2	Unknown	0.00010424
SRR5371250	CASSLSRNYGYTF	TRBV5-6	TRBJ1-2	Unknown	8.935e-05
SRR5371250	CASTTELSSTDTQYF	TRBV16	TRBJ2-3	Unknown	8.935e-05
SRR5371250	CASSITGTGGESGYTF	TRBV19	TRBJ1-2	Unknown	5.957e-05
SRR5371250	CASSLRQEYSGNTIYF	TRBV5-6	TRBJ1-3	Unknown	5.957e-05
SRR5371250	CASSIDLDRYTGELFF	TRBV19	TRBJ2-2	Unknown	3.723e-05
SRR5371250	CASSIGPGSDEQYF	TRBV19	TRBJ2-7	Unknown	1.489e-05
SRR5371250	CASSIVGTGGRQPQHF	TRBV19	TRBJ1-5	Unknown	1.489e-05
SRR5371250	CASSMGQGATEAFF	TRBV19	TRBJ1-1	Unknown	7.45e-06
SRR5371250	CASSQEGGPGRTQYF	TRBV4-3	TRBJ2-3	Unknown	7.45e-06
SRR5371250	CSAGKQGAVYEQYF	TRBV20-1	TRBJ2-7	Unknown	7.45e-06
SRR5371237	CASSIRHTDTQYF	TRBV7-3	TRBJ2-3	Unknown	0.04498581
SRR5371237	CASSLRSTDTQYF	TRBV7-2	TRBJ2-3	Unknown	0.03294497
SRR5371237	CASSLRTGSAHEQYF	TRBV7-2	TRBJ2-7	Unknown	0.03164226
SRR5371237	CASSGRRSTEAFF	TRBV12-4	TRBJ1-1	Unknown	0.02824549
SRR5371237	CASSFEETQYF	TRBV5-1	TRBJ2-5	Unknown	0.0269428
SRR5371237	CASSLFGGADTGELFF	TRBV4-3	TRBJ2-2	Unknown	0.02684539
SRR5371237	CASSHATGTAYSGNTIYF	TRBV4-2	TRBJ1-3	Unknown	0.0266506
SRR5371237	CASSLRYTDTQYF	TRBV7-2	TRBJ2-3	Unknown	0.02565227
SRR5371237	CASSWGQGDYGYTF	TRBV5-1	TRBJ1-2	Unknown	0.02450784
SRR5371237	CASSSRTGNTQYF	TRBV7-2	TRBJ2-3	Unknown	0.02305904
SRR5371237	CSARDSLAGILAKNIQYF	TRBV20-1	TRBJ2-4	Unknown	0.0224016
SRR5371237	CASSQGLAGREETQYF	TRBV4-3	TRBJ2-5	Unknown	0.01845698
SRR5371237	CASSSGLAGVEETQYF	TRBV4-3	TRBJ2-5	Unknown	0.01793346
SRR5371237	CSVGGGGANVLTF	TRBV29-1	TRBJ2-6	Unknown	0.01784823
SRR5371237	CASSIRDTDTQYF	TRBV7-3	TRBJ2-3	Unknown	0.01717862
SRR5371237	CASSWDGSSYEQYF	TRBV7-7	TRBJ2-7	Unknown	0.01664293
SRR5371237	CASMRNTGELFF	TRBV10-2	TRBJ2-2	Unknown	0.01642378
SRR5371237	CASSSGATGELFF	TRBV7-7	TRBJ2-2	Unknown	0.01565677
SRR5371237	CASGRVYMGTEAFF	TRBV4-3	TRBJ1-1	Unknown	0.01546197
SRR5371237	CASSLVAGGRDTQYF	TRBV7-2	TRBJ2-3	Unknown	0.01514544
SRR5371237	CASSLRTGDSGEQFF	TRBV7-2	TRBJ2-1	Unknown	0.01512109
SRR5371237	CSVALAAYNSPLHF	TRBV29-1	TRBJ1-6	Unknown	0.01488977
SRR5371237	CASSLWGGGQNNEQFF	TRBV7-3	TRBJ2-1	Unknown	0.01352618
SRR5371237	CASSIRSTDTQYF	TRBV7-3	TRBJ2-3	Unknown	0.01324616
SRR5371237	CASSIGGAGANVLTF	TRBV7-3	TRBJ2-6	Unknown	0.0128444
SRR5371237	CASSFSVTMNTEAFF	TRBV12-3	TRBJ1-1	Unknown	0.01262525
SRR5371237	CASSSWGGLAGATDTQYF	TRBV7-3	TRBJ2-3	Unknown	0.01223565
SRR5371237	CASSFSNTGELFF	TRBV5-6	TRBJ2-2	Unknown	0.01202868
SRR5371237	CASSFAPSQETQYF	TRBV5-5	TRBJ2-5	Unknown	0.0119678
SRR5371237	CASSRLQGAEETQYF	TRBV4-2	TRBJ2-5	Unknown	0.01167562
SRR5371237	CASSWQQVEQYF	TRBV5-6	TRBJ2-7	Unknown	0.01150516
SRR5371237	CASISTALSSEAFF	TRBV6-2	TRBJ1-1	Unknown	0.01143212
SRR5371237	CAWSVMGWDTGELFF	TRBV30	TRBJ2-2	Unknown	0.01124949
SRR5371237	CSVEFRTGDTEAFF	TRBV29-1	TRBJ1-1	Unknown	0.0108599
SRR5371237	CASSIRFGDTQYF	TRBV7-2	TRBJ2-3	Unknown	0.01055554
SRR5371237	CASSFGPLGSEAFF	TRBV5-6	TRBJ1-1	Unknown	0.01043379
SRR5371237	CASSPLQRNEQYF	TRBV28	TRBJ2-7	Unknown	0.00997115
SRR5371237	CASSSGNLWPPGELFF	TRBV11-2	TRBJ2-2	Unknown	0.00991027
SRR5371237	CSVGLSWDNYGYTF	TRBV29-1	TRBJ1-2	Unknown	0.00986158
SRR5371237	CSAGQGGTGELFF	TRBV29-1	TRBJ2-2	Unknown	0.00917978
SRR5371237	CASRDLAGVNEQFF	TRBV28	TRBJ2-1	Unknown	0.00913108
SRR5371237	CASSRDIMGYSPLHF	TRBV7-2	TRBJ1-6	Unknown	0.00909457
SRR5371237	CAWSDHPRDRGSYEQYF	TRBV30	TRBJ2-7	Unknown	0.00871714
SRR5371237	CASSQWGALGDTDTQYF	TRBV7-2	TRBJ2-3	Unknown	0.00869279
SRR5371237	CASSLAGLRDTQYF	TRBV7-2	TRBJ2-3	Unknown	0.00809623
SRR5371237	CSAGGGPGTAYGYTF	TRBV20-1	TRBJ1-2	Unknown	0.00788926
SRR5371237	CASSVRSTDTQYF	TRBV7-2	TRBJ2-3	Unknown	0.00765794
SRR5371237	CASSPYRGGDEQFF	TRBV7-2	TRBJ2-1	Unknown	0.00747531
SRR5371237	CASSQVQAGTEAFF	TRBV4-2	TRBJ1-1	Unknown	0.00730487
SRR5371237	CASSQWGVASGEETQYF	TRBV4-2	TRBJ2-5	Unknown	0.00721965
SRR5371237	CASSSVDRGSVEQFF	TRBV12-4	TRBJ2-1	Unknown	0.00702484
SRR5371237	CASSLSFGGEQYF	TRBV7-2	TRBJ2-7	Unknown	0.00698833
SRR5371237	CSVGAGLAGYEQYF	TRBV29-1	TRBJ2-7	Unknown	0.00691528
SRR5371237	CASSLTGLLRPDTQYF	TRBV7-3	TRBJ2-3	Unknown	0.00667178
SRR5371237	CASSWDPGQGQNGYTF	TRBV5-6	TRBJ1-2	Unknown	0.00657438
SRR5371237	CASSLRSGDTDTQYF	TRBV7-2	TRBJ2-3	Unknown	0.0065135
SRR5371237	CASSLSRTAYEQYF	TRBV4-2	TRBJ2-7	Unknown	0.00590477
SRR5371237	CASSQSQSRGESYEQYF	TRBV16	TRBJ2-7	Unknown	0.0057952
SRR5371237	CASRLTWGGETQYF	TRBV6-2	TRBJ2-5	Unknown	0.00577085
SRR5371237	CASSQLADLYEQYF	TRBV6-6	TRBJ2-7	Unknown	0.00536907
SRR5371237	CASSLAQIGDTQYF	TRBV5-4	TRBJ2-3	Unknown	0.00519863
SRR5371237	CASSLINTDTQYF	TRBV7-3	TRBJ2-3	Unknown	0.00450467
SRR5371237	CSVGVGGWDSQAFF	TRBV29-1	TRBJ1-1	Unknown	0.00446814
SRR5371237	CASSLRVYGSHEQYF	TRBV7-2	TRBJ2-7	Unknown	0.00444379
SRR5371237	CASSDPQDGSEAFF	TRBV6-1	TRBJ1-1	Unknown	0.00410289
SRR5371237	CASSFWGQGDTEAFF	TRBV7-2	TRBJ1-1	Unknown	0.00392027
SRR5371237	CASSIVQRNEQFF	TRBV19	TRBJ2-1	Unknown	0.00387157
SRR5371237	CASSPVGFLRADTQYF	TRBV7-2	TRBJ2-3	Unknown	0.00384723
SRR5371237	CASSFGYRGQGDTQYF	TRBV5-6	TRBJ2-3	Unknown	0.00381071
SRR5371237	CASSLGTGGTIQYF	TRBV4-2	TRBJ2-4	Unknown	0.00379853
SRR5371237	CASSQALGSPLHF	TRBV4-2	TRBJ1-6	Unknown	0.00376201
SRR5371237	CASSFSVTGELFF	TRBV5-6	TRBJ2-2	Unknown	0.00373767
SRR5371237	CASSLTGQTSGKGSYEQYF	TRBV5-6	TRBJ2-7	Unknown	0.00372548
SRR5371237	CASSFAPSEDTQYF	TRBV11-1	TRBJ2-3	Unknown	0.0037133
SRR5371237	CASSLGQGTGYTF	TRBV5-6	TRBJ1-2	Unknown	0.00337242
SRR5371237	CASSFGPSNSPLHF	TRBV5-6	TRBJ1-6	Unknown	0.00326284
SRR5371237	CASSRTGYSNQPQHF	TRBV2	TRBJ1-5	Unknown	0.00326284
SRR5371237	CASSPRAGTDYEQYF	TRBV7-2	TRBJ2-7	Unknown	0.00308022
SRR5371237	CASSFFIQGLETQYF	TRBV5-4	TRBJ2-5	Unknown	0.00298283
SRR5371237	CASSTGPLLADTQYF	TRBV6-1	TRBJ2-3	Unknown	0.00293413
SRR5371237	CASSQDPQNLAGGPRTGELFF	TRBV14	TRBJ2-2	Unknown	0.0028976
SRR5371237	CASSLVAGIWVAGELFF	TRBV5-1	TRBJ2-2	Unknown	0.00270281
SRR5371237	CASSQGLLAETQYF	TRBV4-3	TRBJ2-5	Unknown	0.0026541
SRR5371237	CATGLASSYEQYF	TRBV10-3	TRBJ2-7	Unknown	0.0026541
SRR5371237	CASSLAAGSHVQYF	TRBV7-2	TRBJ2-7	Unknown	0.00262975
SRR5371237	CASSPSLLGTDTQYF	TRBV4-3	TRBJ2-3	Unknown	0.00262975
SRR5371237	CASSMIRTLSEAFF	TRBV19	TRBJ1-1	Unknown	0.0025567
SRR5371237	CASSPRADRGNSPLHF	TRBV18	TRBJ1-6	Unknown	0.00254454
SRR5371237	CASSRGPPLGYEQYF	TRBV5-6	TRBJ2-7	Unknown	0.00247147
SRR5371237	CASSHRDRGNTIYF	TRBV4-2	TRBJ1-3	Unknown	0.00234973
SRR5371237	CASSAKTGWTSSEQYF	TRBV19	TRBJ2-7	Unknown	0.00231322
SRR5371237	CASSQTLYQETQYF	TRBV4-3	TRBJ2-5	Unknown	0.00219146
SRR5371237	CASSFGPSNQPQHF	TRBV5-6	TRBJ1-5	Unknown	0.00216711
SRR5371237	CASSAWGGTIYF	TRBV9	TRBJ1-3	Unknown	0.00206971
SRR5371237	CASSLAPTDYGYTF	TRBV7-2	TRBJ1-2	Unknown	0.00205753
SRR5371237	CASSLLEEELAGNGELFF	TRBV5-6	TRBJ2-2	Unknown	0.00203318
SRR5371237	CASSQGSGGNEQYF	TRBV4-3	TRBJ2-7	Unknown	0.00183839
SRR5371237	CASSLGRGGVASNQPQHF	TRBV5-6	TRBJ1-5	Unknown	0.00177751
SRR5371237	CASTIRWGATHEQYF	TRBV7-2	TRBJ2-7	Unknown	0.00171665
SRR5371237	CASHSPFGTQETQYF	TRBV6-1	TRBJ2-5	Unknown	0.00168012
SRR5371237	CASSLGGSSGRGEQFF	TRBV7-2	TRBJ2-1	Unknown	0.00163142
SRR5371237	CASSYRALGGNTIYF	TRBV7-2	TRBJ1-3	Unknown	0.00157054
SRR5371237	CASSLYLGASERVEQFF	TRBV19	TRBJ2-1	Unknown	0.00153403
SRR5371237	CASSQVGRGGETQYF	TRBV4-2	TRBJ2-5	Unknown	0.00143662
SRR5371237	CASSFARLAGEETQYF	TRBV7-2	TRBJ2-5	Unknown	0.00142445
SRR5371237	CASSPEGLQETQYF	TRBV7-9	TRBJ2-5	Unknown	0.00141227
SRR5371237	CASSLPGLATYSYNEQFF	TRBV6-2	TRBJ2-1	Unknown	0.00137575
SRR5371237	CASSLVGFDSPLHF	TRBV7-2	TRBJ1-6	Unknown	0.00132706
SRR5371237	CASKITSTDTQYF	TRBV5-6	TRBJ2-3	Unknown	0.00131487
SRR5371237	CAWSPKGWDSGELFF	TRBV30	TRBJ2-2	Unknown	0.00124183
SRR5371237	CASSLGAGGIDTQYF	TRBV4-2	TRBJ2-3	Unknown	0.00122964
SRR5371237	CASSPRTGWAPGELFF	TRBV19	TRBJ2-2	Unknown	0.00118095
SRR5371237	CASSLGQVFNEQYF	TRBV7-2	TRBJ2-7	Unknown	0.0011566
SRR5371237	CASSQVVVGANEKLFF	TRBV4-3	TRBJ1-4	Unknown	0.00113225
SRR5371237	CASSSSGHTDTQYF	TRBV19	TRBJ2-3	Unknown	0.00113225
SRR5371237	CASSRGGGWGQETQYF	TRBV11-3	TRBJ2-5	Unknown	0.00102267
SRR5371237	CAWGTSGGGETQYF	TRBV30	TRBJ2-5	Unknown	0.00101051
SRR5371237	CSVDRGGDTDTQYF	TRBV29-1	TRBJ2-3	Unknown	0.00097398
SRR5371237	CASSLGGLGTDTQYF	TRBV11-3	TRBJ2-3	Unknown	0.00094963
SRR5371237	CASSLARDPRGQPQHF	TRBV6-1	TRBJ1-5	Unknown	0.00088877
SRR5371237	CASSISWTYEQYF	TRBV19	TRBJ2-7	Unknown	0.00087658
SRR5371237	CASSFAGLERLEEQYF	TRBV12-4	TRBJ2-7	Unknown	0.00082789
SRR5371237	CASSFGALGTIYF	TRBV7-9	TRBJ1-3	Unknown	0.00079135
SRR5371237	CASSPPSAGYNEQFF	TRBV18	TRBJ2-1	Unknown	0.00077919
SRR5371237	CASSISWSSKQFF	TRBV19	TRBJ2-1	Unknown	0.00070614
SRR5371237	CASSMGGHGRQETQYF	TRBV19	TRBJ2-5	Unknown	0.00068179
SRR5371237	CASSSPQRGPSTDTQYF	TRBV11-3	TRBJ2-3	Unknown	0.00068179
SRR5371237	CAWSLYQETQYF	TRBV30	TRBJ2-5	Unknown	0.00066961
SRR5371237	CASITDRGGNQPQHF	TRBV6-1	TRBJ1-5	Unknown	0.00042613
SRR5371237	CASSHRQGEAGTQYF	TRBV4-2	TRBJ2-5	Unknown	0.00042613
SRR5371237	CAWSVLGYSGSSYF	TRBV30	TRBJ2-3	Unknown	0.00035306
SRR5371237	CAWSSPPLGGNTIYF	TRBV30	TRBJ1-3	Unknown	0.00032871
SRR5371237	CAWSAPGLAADTQYF	TRBV30	TRBJ2-3	Unknown	0.0002435
SRR5371237	CASSMGIGNWREETQYF	TRBV19	TRBJ2-5	Unknown	0.00023132
SRR5371237	CASSPQRQAFLEQFF	TRBV18	TRBJ2-1	Unknown	0.00020697
SRR5371237	CASSMPPGPDPQPQHF	TRBV19	TRBJ1-5	Unknown	0.00017044
SRR5371237	CASSILYRDSAYEQYF	TRBV19	TRBJ2-7	Unknown	0.00015827
SRR5371237	CASSQPQGGSEAFF	TRBV4-1	TRBJ1-1	Unknown	0.00010958
SRR5371237	CASSWEDTEAFF	TRBV5-4	TRBJ1-1	Unknown	8.523e-05
SRR5371237	CASSIEGLVNPGELFF	TRBV19	TRBJ2-2	Unknown	1.218e-05
SRR5371236	CSVSQGFSTDTQYF	TRBV29-1	TRBJ2-3	Unknown	0.06968496
SRR5371236	CASTPIAGTGANVLTF	TRBV4-3	TRBJ2-6	Unknown	0.0650393
SRR5371236	CSARDSLAGILAKNIQYF	TRBV20-1	TRBJ2-4	Unknown	0.06489777
SRR5371236	CASSLRYTDTQYF	TRBV7-2	TRBJ2-3	Unknown	0.04734748
SRR5371236	CASSLRTGSAHEQYF	TRBV7-2	TRBJ2-7	Unknown	0.0406787
SRR5371236	CASSHATGTAYSGNTIYF	TRBV4-2	TRBJ1-3	Unknown	0.03780638
SRR5371236	CASSGRRSTEAFF	TRBV12-4	TRBJ1-1	Unknown	0.03619122
SRR5371236	CASISTALSSEAFF	TRBV6-2	TRBJ1-1	Unknown	0.02912281
SRR5371236	CSVGAGLAGYEQYF	TRBV29-1	TRBJ2-7	Unknown	0.02600073
SRR5371236	CATSVSFGMGYTF	TRBV24-1	TRBJ1-2	Unknown	0.0205808
SRR5371236	CASSQSQSRGESYEQYF	TRBV16	TRBJ2-7	Unknown	0.02050586
SRR5371236	CASSIRFGDTQYF	TRBV7-2	TRBJ2-3	Unknown	0.02044759
SRR5371236	CASSLTWDTEAFF	TRBV7-2	TRBJ1-1	Unknown	0.01904889
SRR5371236	CASSLTSAVGEKLFF	TRBV11-3	TRBJ1-4	Unknown	0.01884908
SRR5371236	CASSLRTWETQYF	TRBV7-2	TRBJ2-5	Unknown	0.01777507
SRR5371236	CASSLRAGGADTQYF	TRBV7-2	TRBJ2-3	Unknown	0.01740042
SRR5371236	CASSPLQRNEQYF	TRBV28	TRBJ2-7	Unknown	0.01716731
SRR5371236	CASSFGWEDTQYF	TRBV7-2	TRBJ2-3	Unknown	0.01700912
SRR5371236	CASSQDWVGTDTQYF	TRBV3-1	TRBJ2-3	Unknown	0.01653457
SRR5371236	CASSLRALGTHEQYF	TRBV7-2	TRBJ2-7	Unknown	0.01571034
SRR5371236	CASSLRGGPWITDTQYF	TRBV7-3	TRBJ2-3	Unknown	0.01357067
SRR5371236	CASSFRYSDTQYF	TRBV7-2	TRBJ2-3	Unknown	0.0135457
SRR5371236	CASSLFGPGPYEQYF	TRBV5-1	TRBJ2-7	Unknown	0.01236346
SRR5371236	CASSPSLWGTDTQYF	TRBV4-3	TRBJ2-3	Unknown	0.01207207
SRR5371236	CASSSWGGLAGATDTQYF	TRBV7-3	TRBJ2-3	Unknown	0.01205542
SRR5371236	CASSVGGGAGDTQYF	TRBV9	TRBJ2-3	Unknown	0.01200547
SRR5371236	CASSGRVGYGYTF	TRBV11-2	TRBJ1-2	Unknown	0.01183062
SRR5371236	CASSLVAGGRDTQYF	TRBV7-2	TRBJ2-3	Unknown	0.01172239
SRR5371236	CSVGAVSTDTQYF	TRBV29-1	TRBJ2-3	Unknown	0.01151425
SRR5371236	CASSLFGGADTGELFF	TRBV4-3	TRBJ2-2	Unknown	0.01133942
SRR5371236	CASSIRHTDTQYF	TRBV7-3	TRBJ2-3	Unknown	0.011073
SRR5371236	CASSLRAMSTDTQYF	TRBV7-2	TRBJ2-3	Unknown	0.01078161
SRR5371236	CAWSDHPRDRGSYEQYF	TRBV30	TRBJ2-7	Unknown	0.01050686
SRR5371236	CASSSSGHTDTQYF	TRBV19	TRBJ2-3	Unknown	0.01034036
SRR5371236	CSVALAAYNSPLHF	TRBV29-1	TRBJ1-6	Unknown	0.01026542
SRR5371236	CASSFSNTGELFF	TRBV5-6	TRBJ2-2	Unknown	0.00940788
SRR5371236	CASSLWGGGQNNEQFF	TRBV7-3	TRBJ2-1	Unknown	0.00939123
SRR5371236	CASSSGATGELFF	TRBV7-7	TRBJ2-2	Unknown	0.00862528
SRR5371236	CASHSPFGTQETQYF	TRBV6-1	TRBJ2-5	Unknown	0.00832556
SRR5371236	CASSPDQETQYF	TRBV7-2	TRBJ2-5	Unknown	0.0081757
SRR5371236	CASSLRWSDTQYF	TRBV7-2	TRBJ2-3	Unknown	0.0078177
SRR5371236	CSASLQSDNEQFF	TRBV20-1	TRBJ2-1	Unknown	0.00775943
SRR5371236	CASSRDIMGYSPLHF	TRBV7-2	TRBJ1-6	Unknown	0.00765951
SRR5371236	CASSSGLAGVEETQYF	TRBV4-3	TRBJ2-5	Unknown	0.00715165
SRR5371236	CASASGGDGTEAFF	TRBV2	TRBJ1-1	Unknown	0.00711003
SRR5371236	CASSLSFGGEQYF	TRBV7-2	TRBJ2-7	Unknown	0.00696017
SRR5371236	CAWSVLGYSGSSYF	TRBV30	TRBJ2-3	Unknown	0.00690189
SRR5371236	CASSVRSTDTQYF	TRBV4-3	TRBJ2-3	Unknown	0.00688525
SRR5371236	CASSSRTGNTQYF	TRBV7-2	TRBJ2-3	Unknown	0.00669375
SRR5371236	CASSQGLAGREETQYF	TRBV4-3	TRBJ2-5	Unknown	0.00644398
SRR5371236	CASSLYHRVTNEKLFF	TRBV4-3	TRBJ1-4	Unknown	0.0059944
SRR5371236	CASSFGQPSTDTQYF	TRBV5-1	TRBJ2-3	Unknown	0.0059611
SRR5371236	CASSLRDRGSGYTF	TRBV4-2	TRBJ1-2	Unknown	0.00571134
SRR5371236	CASSFGPLGSEAFF	TRBV5-6	TRBJ1-1	Unknown	0.00528673
SRR5371236	CASSLRTGDSGEQFF	TRBV7-2	TRBJ2-1	Unknown	0.00518683
SRR5371236	CASSRGGGWGQETQYF	TRBV11-3	TRBJ2-5	Unknown	0.00502863
SRR5371236	CSAGGGPGTAYGYTF	TRBV20-1	TRBJ1-2	Unknown	0.00473724
SRR5371236	CSAFSGGDTYEQYF	TRBV20-1	TRBJ2-7	Unknown	0.00465399
SRR5371236	CASSQWGQGSTEAFF	TRBV7-2	TRBJ1-1	Unknown	0.00459571
SRR5371236	CSVAVGWETQYF	TRBV29-1	TRBJ2-5	Unknown	0.00421273
SRR5371236	CAWSVMGWDTGELFF	TRBV30	TRBJ2-2	Unknown	0.00416278
SRR5371236	CASSMIRTLSEAFF	TRBV19	TRBJ1-1	Unknown	0.00304715
SRR5371236	CASSFGYRGQGDTQYF	TRBV5-6	TRBJ2-3	Unknown	0.00293892
SRR5371236	CASSLVNMNTEAFF	TRBV5-6	TRBJ1-1	Unknown	0.00258093
SRR5371236	CASSQWGVASGEETQYF	TRBV4-2	TRBJ2-5	Unknown	0.00253096
SRR5371236	CASSIVQRNEQFF	TRBV19	TRBJ2-1	Unknown	0.00249767
SRR5371236	CASSGDRLSLNTEAFF	TRBV10-2	TRBJ1-1	Unknown	0.00220628
SRR5371236	CASSWDPGQGQNGYTF	TRBV5-6	TRBJ1-2	Unknown	0.00213968
SRR5371236	CASSAKTGWTSSEQYF	TRBV19	TRBJ2-7	Unknown	0.00203976
SRR5371236	CAWSPKGWDSGELFF	TRBV30	TRBJ2-2	Unknown	0.00194819
SRR5371236	CASSFAGLERLEEQYF	TRBV12-5	TRBJ2-7	Unknown	0.00192321
SRR5371236	CASSLRGRAVGQETQYF	TRBV27	TRBJ2-5	Unknown	0.00186493
SRR5371236	CSARDLLRTSGRDTQYF	TRBV20-1	TRBJ2-3	Unknown	0.00183995
SRR5371236	CASSLGRGGVASNQPQHF	TRBV5-6	TRBJ1-5	Unknown	0.00181498
SRR5371236	CASSLAQIGDTQYF	TRBV5-4	TRBJ2-3	Unknown	0.00169009
SRR5371236	CASSQDPQNLAGGPRTGELFF	TRBV14	TRBJ2-2	Unknown	0.00150692
SRR5371236	CASSISWTYEQYF	TRBV19	TRBJ2-7	Unknown	0.00108232
SRR5371236	CASLRNTGELFF	TRBV10-2	TRBJ2-2	Unknown	0.00100739
SRR5371236	CASTLWTGYSGNTIYF	TRBV2	TRBJ1-3	Unknown	0.00099075
SRR5371236	CASSIGPGSDEQYF	TRBV19	TRBJ2-7	Unknown	0.00044125
SRR5371236	CASSFFIQGLETQYF	TRBV5-4	TRBJ2-5	Unknown	0.00027475
SRR5371236	CATSIRYTDTQYF	TRBV7-2	TRBJ2-3	Unknown	8.33e-06
SRR5371235	CSVTRDITDNEQFF	TRBV29-1	TRBJ2-1	Unknown	0.11534389
SRR5371235	CASSFRTTDTQYF	TRBV7-2	TRBJ2-3	Unknown	0.09247965
SRR5371235	CTTTSGFGNEQFF	TRBV29-1	TRBJ2-1	Unknown	0.08528435
SRR5371235	CASSPYLYGEQFF	TRBV7-3	TRBJ2-1	Unknown	0.0442675
SRR5371235	CASSLGTAISSYNEQFF	TRBV4-2	TRBJ2-1	Unknown	0.04130903
SRR5371235	CASSVRVSDTQYF	TRBV7-2	TRBJ2-3	Unknown	0.04046897
SRR5371235	CASSLSGMTRADTQYF	TRBV7-2	TRBJ2-3	Unknown	0.0291099
SRR5371235	CASSFGQGATQYF	TRBV7-2	TRBJ2-5	Unknown	0.0289638
SRR5371235	CASSLRALGADTQYF	TRBV7-2	TRBJ2-3	Unknown	0.02662625
SRR5371235	CASSFRAGAGDTQYF	TRBV7-2	TRBJ2-3	Unknown	0.02501918
SRR5371235	CSASYLLAQNEQFF	TRBV20-1	TRBJ2-1	Unknown	0.02290077
SRR5371235	CASSFGSAIQETQYF	TRBV5-1	TRBJ2-5	Unknown	0.02089192
SRR5371235	CASSQGQGTSSYF	TRBV4-2	TRBJ2-7	Unknown	0.02089192
SRR5371235	CSVGALAEGAAGELFF	TRBV29-1	TRBJ2-2	Unknown	0.01818912
SRR5371235	CSARGLGGGAGEQFF	TRBV20-1	TRBJ2-1	Unknown	0.01691078
SRR5371235	CASSSTAQETQYF	TRBV11-2	TRBJ2-5	Unknown	0.01632639
SRR5371235	CASSRWGGSLPTDTQYF	TRBV7-2	TRBJ2-3	Unknown	0.01585157
SRR5371235	CSARTWNTEAFF	TRBV20-1	TRBJ1-1	Unknown	0.01541327
SRR5371235	CASSLRATDTQYF	TRBV7-2	TRBJ2-3	Unknown	0.01519413
SRR5371235	CASSVVQGLDNEQFF	TRBV9	TRBJ2-1	Unknown	0.0151576
SRR5371235	CASSSQREGEQFF	TRBV10-2	TRBJ2-1	Unknown	0.01497498
SRR5371235	CSASSPNEQYF	TRBV20-1	TRBJ2-7	Unknown	0.01490194
SRR5371235	CASSIRVTDTQYF	TRBV7-2	TRBJ2-3	Unknown	0.01344096
SRR5371235	CSAPVAAAYEQYF	TRBV20-1	TRBJ2-7	Unknown	0.01340443
SRR5371235	CASSFGNTDTQYF	TRBV7-2	TRBJ2-3	Unknown	0.01183389
SRR5371235	CASSLGTSTDTQYF	TRBV9	TRBJ2-3	Unknown	0.01117645
SRR5371235	CASSPIGQGRSEQYF	TRBV28	TRBJ2-7	Unknown	0.00986158
SRR5371235	CASSLGQGTSFTF	TRBV4-3	TRBJ1-2	Unknown	0.00949633
SRR5371235	CSVGGGGTGELFF	TRBV29-1	TRBJ2-2	Unknown	0.00938676
SRR5371235	CASSQWTGRDQETQYF	TRBV5-5	TRBJ2-5	Unknown	0.00920413
SRR5371235	CASSQVAGAYNEQFF	TRBV4-3	TRBJ2-1	Unknown	0.00905803
SRR5371235	CSVGTGIAQETQYF	TRBV29-1	TRBJ2-5	Unknown	0.00869279
SRR5371235	CASSLRALGGDTQYF	TRBV7-2	TRBJ2-3	Unknown	0.00847364
SRR5371235	CASSHTSGRDNEQFF	TRBV4-2	TRBJ2-1	Unknown	0.00803536
SRR5371235	CASSLRFTDTQYF	TRBV7-2	TRBJ2-3	Unknown	0.0079623
SRR5371235	CSGGQGGTGELFF	TRBV29-1	TRBJ2-2	Unknown	0.0079623
SRR5371235	CASSPERGEGYTF	TRBV7-2	TRBJ1-2	Unknown	0.00748748
SRR5371235	CASYHRWLHTDTQYF	TRBV6-5	TRBJ2-3	Unknown	0.0070492
SRR5371235	CSASRGGDRDEQYF	TRBV20-1	TRBJ2-7	Unknown	0.00668395
SRR5371235	CASSRGTGEPSSEAFF	TRBV27	TRBJ1-1	Unknown	0.00584389
SRR5371235	CAKRRSEDPPDTQYF	TRBV19	TRBJ2-3	Unknown	0.0052595
SRR5371235	CASSAGQEADTQYF	TRBV5-5	TRBJ2-3	Unknown	0.0051134
SRR5371235	CATVRGGDSDTQYF	TRBV2	TRBJ2-3	Unknown	0.0051134
SRR5371235	CASSSTGDEQYF	TRBV5-1	TRBJ2-7	Unknown	0.00507689
SRR5371235	CASSPAGREGDEQYF	TRBV4-2	TRBJ2-7	Unknown	0.00504036
SRR5371235	CASSLYGPMNTEAFF	TRBV11-2	TRBJ1-1	Unknown	0.00478469
SRR5371235	CSARRQVDQPQHF	TRBV20-1	TRBJ1-5	Unknown	0.00467512
SRR5371235	CASSLRGMGSHEQYF	TRBV7-2	TRBJ2-7	Unknown	0.00441944
SRR5371235	CASSYRAMSTDTQYF	TRBV7-2	TRBJ2-3	Unknown	0.00394463
SRR5371235	CASSKLTSGENEQFF	TRBV4-2	TRBJ2-1	Unknown	0.00383506
SRR5371235	CASSQVVASYNEQFF	TRBV3-1	TRBJ2-1	Unknown	0.00365243
SRR5371235	CASSQQRGQGGIVVEAFF	TRBV3-1	TRBJ1-1	Unknown	0.00357938
SRR5371235	CASSIYALAGSSYNEQFF	TRBV19	TRBJ2-1	Unknown	0.00350634
SRR5371235	CASSQALLGGYTF	TRBV4-3	TRBJ1-2	Unknown	0.00346981
SRR5371235	CASSQGQGAAEAFF	TRBV19	TRBJ1-1	Unknown	0.00343328
SRR5371235	CASAFGQQETQYF	TRBV19	TRBJ2-5	Unknown	0.00336024
SRR5371235	CASSHRGQQPPYEQYF	TRBV14	TRBJ2-7	Unknown	0.00332371
SRR5371235	CASSIAWTGGAFF	TRBV19	TRBJ1-1	Unknown	0.0028489
SRR5371235	CASSPAGWDTEAFF	TRBV18	TRBJ1-1	Unknown	0.00266628
SRR5371235	CASSRETGVGGANVLTF	TRBV4-3	TRBJ2-6	Unknown	0.00259322
SRR5371235	CSASPGGDYGYTF	TRBV20-1	TRBJ1-2	Unknown	0.00259322
SRR5371235	CSASVTPGHEQYF	TRBV20-1	TRBJ2-7	Unknown	0.00237408
SRR5371235	CASSIIYRDEAYEQYF	TRBV19	TRBJ2-7	Unknown	0.00215494
SRR5371235	CASSLYSGGNQPQHF	TRBV7-2	TRBJ1-5	Unknown	0.00215494
SRR5371235	CAWRDYGYTF	TRBV30	TRBJ1-2	Unknown	0.00215494
SRR5371235	CASTYLQGHEQYF	TRBV28	TRBJ2-7	Unknown	0.00204536
SRR5371235	CAWKFSGFSTDTQYF	TRBV30	TRBJ2-3	Unknown	0.00204536
SRR5371235	CAWSARGWDTGELFF	TRBV30	TRBJ2-2	Unknown	0.00142445
SRR5371235	CASRGLAGSNEQFF	TRBV6-2	TRBJ2-1	Unknown	0.00116878
SRR5371235	CASSYGAALDYGYTF	TRBV6-5	TRBJ1-2	Unknown	0.00047482
SRR5371235	CASSIGTSGETQYF	TRBV19	TRBJ2-5	Unknown	0.00018261
SRR5371234	CASSQGQGTSSYF	TRBV4-2	TRBJ2-7	Unknown	0.17263591
SRR5371234	CASSRWGGSLPTDTQYF	TRBV7-2	TRBJ2-3	Unknown	0.13595249
SRR5371234	CASSFGASTDTQYF	TRBV5-1	TRBJ2-3	Unknown	0.07386935
SRR5371234	CASSLRALGADTQYF	TRBV7-2	TRBJ2-3	Unknown	0.06829603
SRR5371234	CASSFGQGATQYF	TRBV7-2	TRBJ2-5	Unknown	0.04330745
SRR5371234	CAKRRSEDPPDTQYF	TRBV19	TRBJ2-3	Unknown	0.04221106
SRR5371234	CSVTRDITDNEQFF	TRBV29-1	TRBJ2-1	Unknown	0.04148013
SRR5371234	CASSLRAGGAHEQYF	TRBV7-2	TRBJ2-7	Unknown	0.03732297
SRR5371234	CASSLRSTDTQYF	TRBV7-2	TRBJ2-3	Unknown	0.0351302
SRR5371234	CASSLGQGTSFTF	TRBV4-3	TRBJ1-2	Unknown	0.02841481
SRR5371234	CTTTSGFGNEQFF	TRBV29-1	TRBJ2-1	Unknown	0.02681589
SRR5371234	CASSLVGWETQYF	TRBV7-2	TRBJ2-5	Unknown	0.02338967
SRR5371234	CASSQQRGQGGIVVEAFF	TRBV3-1	TRBJ1-1	Unknown	0.02325262
SRR5371234	CASSQVVASYNEQFF	TRBV3-1	TRBJ2-1	Unknown	0.02188214
SRR5371234	CASSLGTGAPGTEAFF	TRBV27	TRBJ1-1	Unknown	0.02064869
SRR5371234	CSASYLLAQNEQFF	TRBV20-1	TRBJ2-1	Unknown	0.0201005
SRR5371234	CASSSTAQETQYF	TRBV11-2	TRBJ2-5	Unknown	0.01955231
SRR5371234	CASGNLQGHEQFF	TRBV28	TRBJ2-1	Unknown	0.01831887
SRR5371234	CASSLYMGRGAFKDTEAFF	TRBV5-6	TRBJ1-1	Unknown	0.01722247
SRR5371234	CASSQGLAGRKETQYF	TRBV4-3	TRBJ2-5	Unknown	0.01521243
SRR5371234	CSVVEDWLDTQYF	TRBV29-1	TRBJ2-3	Unknown	0.01416172
SRR5371234	CASSVRSTDTQYF	TRBV7-2	TRBJ2-3	Unknown	0.01343079
SRR5371234	CAISASGTEAFF	TRBV10-3	TRBJ1-1	Unknown	0.01301964
SRR5371234	CASSLAPWRTADYEQYF	TRBV13	TRBJ2-7	Unknown	0.00995889
SRR5371234	CASSPIGQGRSEQYF	TRBV28	TRBJ2-7	Unknown	0.00909091
SRR5371234	CASSYSLAAPSEEQFF	TRBV6-2	TRBJ2-1	Unknown	0.00895386
SRR5371234	CAWKFSGFSTDTQYF	TRBV30	TRBJ2-3	Unknown	0.00849703
SRR5371234	CASSVPGMYEQYF	TRBV2	TRBJ2-7	Unknown	0.00817725
SRR5371234	CASSWGLAGETQYF	TRBV5-1	TRBJ2-5	Unknown	0.00443125
SRR5371234	CSVGEGLGETQYF	TRBV29-1	TRBJ2-5	Unknown	0.00433988
SRR5371234	CASSNSAAQGTQYF	TRBV5-1	TRBJ2-3	Unknown	0.00374601
SRR5371234	CASSLYGSYNEQFF	TRBV5-4	TRBJ2-1	Unknown	0.00251256
SRR5371234	CASSPLPPVPGQASYEQYF	TRBV7-6	TRBJ2-7	Unknown	0.00251256
SRR5371234	CASSPPIGWGAPYEQYF	TRBV18	TRBJ2-7	Unknown	0.00246688
SRR5371234	CASSLRAGGATLHF	TRBV27	TRBJ1-6	Unknown	0.00237551
SRR5371234	CATSRDRVTNEQFF	TRBV15	TRBJ2-1	Unknown	0.00210142
SRR5371234	CASSGRTTDTQYF	TRBV18	TRBJ2-3	Unknown	0.00182732
SRR5371234	CASSPAGWDTEAFF	TRBV18	TRBJ1-1	Unknown	0.00146185
SRR5371234	CASSPSARLAVTYEQYF	TRBV27	TRBJ2-7	Unknown	0.00123343
SRR5371234	CASSVGTAGETQYF	TRBV19	TRBJ2-5	Unknown	0.00068524
SRR5371233	CASSIRSTDTQYF	TRBV7-3	TRBJ2-3	Unknown	0.05695108
SRR5371233	CSASIQANYGYTF	TRBV20-1	TRBJ1-2	Unknown	0.0532535
SRR5371233	CASSFDGETQYF	TRBV5-1	TRBJ2-5	Unknown	0.04646116
SRR5371233	CASSQAIYVGATQYF	TRBV4-3	TRBJ2-5	Unknown	0.04095495
SRR5371233	CASSWGQRTDTQYF	TRBV5-1	TRBJ2-3	Unknown	0.04063343
SRR5371233	CASSRGQGNTEAFF	TRBV4-2	TRBJ1-1	Unknown	0.03677505
SRR5371233	CASSFSNTGELFF	TRBV5-6	TRBJ2-2	Unknown	0.03368032
SRR5371233	CATSSLQRNEQFF	TRBV28	TRBJ2-1	Unknown	0.03271572
SRR5371233	CASSRGQGATEAFF	TRBV4-3	TRBJ1-1	Unknown	0.0314296
SRR5371233	CASSFGQETQYF	TRBV5-1	TRBJ2-5	Unknown	0.02781238
SRR5371233	CAWSLTLAGNFPGWAGELFF	TRBV30	TRBJ2-2	Unknown	0.02443632
SRR5371233	CASSQGLAGRQETQYF	TRBV4-3	TRBJ2-5	Unknown	0.02439613
SRR5371233	CASSLRAGDGNEQFF	TRBV7-2	TRBJ2-1	Unknown	0.0213014
SRR5371233	CSGRGWDTEAFF	TRBV29-1	TRBJ1-1	Unknown	0.02110043
SRR5371233	CASSLTWDTEAFF	TRBV7-8	TRBJ1-1	Unknown	0.01965354
SRR5371233	CASSQGTGGNEQFF	TRBV4-3	TRBJ2-1	Unknown	0.0189703
SRR5371233	CASSLGGAGQDEQFF	TRBV5-1	TRBJ2-1	Unknown	0.01872915
SRR5371233	CASSQMTTAGADTGELFF	TRBV4-2	TRBJ2-2	Unknown	0.01692054
SRR5371233	CASSLVAWDTEAFF	TRBV5-1	TRBJ1-1	Unknown	0.01643825
SRR5371233	CASSLRKMRQPNTEAFF	TRBV7-3	TRBJ1-1	Unknown	0.01639806
SRR5371233	CSVGAGLAGYEQYF	TRBV29-1	TRBJ2-7	Unknown	0.01591575
SRR5371233	CASSIIYGGMNTEAFF	TRBV19	TRBJ1-1	Unknown	0.01483059
SRR5371233	CATSIRYTDTQYF	TRBV7-2	TRBJ2-3	Unknown	0.01442868
SRR5371233	CSGGLATLTDTQYF	TRBV29-1	TRBJ2-3	Unknown	0.01398658
SRR5371233	CASSFRQGDEQYF	TRBV7-2	TRBJ2-7	Unknown	0.01362485
SRR5371233	CASSLWGGLGGTADTQYF	TRBV7-2	TRBJ2-3	Unknown	0.01278084
SRR5371233	CASSVRTSGSHEQYF	TRBV7-2	TRBJ2-7	Unknown	0.0120172
SRR5371233	CASSLRTSYGYTF	TRBV5-6	TRBJ1-2	Unknown	0.01193681
SRR5371233	CASSFGSMYTGELFF	TRBV5-1	TRBJ2-2	Unknown	0.01165547
SRR5371233	CASSMTAQETQYF	TRBV11-2	TRBJ2-5	Unknown	0.01149472
SRR5371233	CASSLRHTDTQYF	TRBV7-3	TRBJ2-3	Unknown	0.01141434
SRR5371233	CASRPQALWGTDTQYF	TRBV12-3	TRBJ2-3	Unknown	0.01129375
SRR5371233	CASSRLGVGDDEQYF	TRBV4-2	TRBJ2-7	Unknown	0.01044974
SRR5371233	CASSLRATDTQYF	TRBV7-2	TRBJ2-3	Unknown	0.01040956
SRR5371233	CSAGQGGTGELFF	TRBV29-1	TRBJ2-2	Unknown	0.01036935
SRR5371233	CSVDRGGDTDTQYF	TRBV29-1	TRBJ2-3	Unknown	0.01000763
SRR5371233	CASSPSLYGGYEQYF	TRBV4-3	TRBJ2-7	Unknown	0.00944496
SRR5371233	CASSVRDRVVEQYF	TRBV7-2	TRBJ2-7	Unknown	0.00928419
SRR5371233	CASSQAWGTDNSPLHF	TRBV4-3	TRBJ1-6	Unknown	0.0092038
SRR5371233	CASSLGRSYGYTF	TRBV5-6	TRBJ1-2	Unknown	0.00807845
SRR5371233	CASSQPSWGVEAFF	TRBV4-1	TRBJ1-1	Unknown	0.00803827
SRR5371233	CASSQALIGGYTF	TRBV4-3	TRBJ1-2	Unknown	0.00791768
SRR5371233	CASSAGTSGETQYF	TRBV19	TRBJ2-5	Unknown	0.00751578
SRR5371233	CASSLGQGTGYTF	TRBV5-5	TRBJ1-2	Unknown	0.00731483
SRR5371233	CASSWAFDQPQHF	TRBV27	TRBJ1-5	Unknown	0.0069129
SRR5371233	CSVDKMAGGNPEAFF	TRBV29-1	TRBJ1-1	Unknown	0.00675213
SRR5371233	CSAQTGNEQYF	TRBV20-1	TRBJ2-7	Unknown	0.00671195
SRR5371233	CSVGGGNIQYF	TRBV29-1	TRBJ2-4	Unknown	0.00659138
SRR5371233	CSTYTVYNEQFF	TRBV20-1	TRBJ2-1	Unknown	0.00631005
SRR5371233	CASSLAGGGQDTQYF	TRBV5-1	TRBJ2-3	Unknown	0.00618946
SRR5371233	CATSDFQGNYGYTF	TRBV24-1	TRBJ1-2	Unknown	0.00586794
SRR5371233	CASSIRHTDTQYF	TRBV7-2	TRBJ2-3	Unknown	0.00582774
SRR5371233	CASSIYPGLGLNQPQHF	TRBV19	TRBJ1-5	Unknown	0.00574735
SRR5371233	CASSDRLGSPLHF	TRBV2	TRBJ1-6	Unknown	0.00562678
SRR5371233	CASSSDPGWTASYEQYF	TRBV7-9	TRBJ2-7	Unknown	0.00546601
SRR5371233	CSVLPPGAYEQYF	TRBV29-1	TRBJ2-7	Unknown	0.00530525
SRR5371233	CASSLEPGHVDTQYF	TRBV5-4	TRBJ2-3	Unknown	0.0045818
SRR5371233	CASSPGATGELFF	TRBV7-7	TRBJ2-2	Unknown	0.00446123
SRR5371233	CSASLGQSYEQYF	TRBV20-1	TRBJ2-7	Unknown	0.00442105
SRR5371233	CASSLWGQGEETQYF	TRBV5-1	TRBJ2-5	Unknown	0.00422008
SRR5371233	CASSLDGAPNEKLFF	TRBV13	TRBJ1-4	Unknown	0.00413971
SRR5371233	CSVVGQNLYMGEQYF	TRBV29-1	TRBJ2-7	Unknown	0.00373779
SRR5371233	CASSPARGVLGELFF	TRBV7-2	TRBJ2-2	Unknown	0.00361722
SRR5371233	CASSQTLAGGSTGELFF	TRBV4-2	TRBJ2-2	Unknown	0.00337607
SRR5371233	CASSQARGLDEKLFF	TRBV4-2	TRBJ1-4	Unknown	0.0032153
SRR5371233	CSVPGLAGWGDEQFF	TRBV29-1	TRBJ2-1	Unknown	0.00305455
SRR5371233	CASIVPGMETQYF	TRBV11-3	TRBJ2-5	Unknown	0.00293396
SRR5371233	CASSPVGWDTEAFF	TRBV18	TRBJ1-1	Unknown	0.00277321
SRR5371233	CASSIRVGTDTQYF	TRBV7-2	TRBJ2-3	Unknown	0.00261244
SRR5371233	CASSRTGGRTDTQYF	TRBV5-4	TRBJ2-3	Unknown	0.00249185
SRR5371233	CASSYQQESPLHF	TRBV6-3	TRBJ1-6	Unknown	0.0023311
SRR5371233	CASSPGPGQEKLFF	TRBV18	TRBJ1-4	Unknown	0.00192918
SRR5371233	CASSLGRGTEAFF	TRBV11-3	TRBJ1-1	Unknown	0.00156746
SRR5371233	CSARLTWELSEQYF	TRBV20-1	TRBJ2-7	Unknown	0.00144689
SRR5371233	CSAGGERKGYGYTF	TRBV20-1	TRBJ1-2	Unknown	0.0013665
SRR5371233	CASSLAGAGNTIYF	TRBV5-5	TRBJ1-3	Unknown	0.00124594
SRR5371233	CASSLAWTYGYTF	TRBV19	TRBJ1-2	Unknown	0.00116555
SRR5371233	CASSPTGISYEQYF	TRBV19	TRBJ2-7	Unknown	0.00108517
SRR5371233	CASSLGAADSPLHF	TRBV5-1	TRBJ1-6	Unknown	0.00104498
SRR5371233	CAWSFPPHRTANYEQYF	TRBV30	TRBJ2-7	Unknown	0.00088421
SRR5371233	CASSQVHGTDTQYF	TRBV4-3	TRBJ2-3	Unknown	0.00044211
SRR5371233	CASSQGWRGAGLPYEQYF	TRBV16	TRBJ2-7	Unknown	8.038e-05
SRR5371233	CASSQWGVASGEETQYF	TRBV4-2	TRBJ2-5	Unknown	4.018e-05
SRR5371232	CASSFRSTDTQYF	TRBV7-2	TRBJ2-3	Unknown	0.16604803
SRR5371232	CASSFDGETQYF	TRBV5-1	TRBJ2-5	Unknown	0.157329
SRR5371232	CASSFSNTGELFF	TRBV5-6	TRBJ2-2	Unknown	0.07580327
SRR5371232	CASSRLGVGDDEQYF	TRBV4-2	TRBJ2-7	Unknown	0.04421374
SRR5371232	CASSIRSTDTQYF	TRBV7-2	TRBJ2-3	Unknown	0.04083053
SRR5371232	CATSIRYTDTQYF	TRBV7-2	TRBJ2-3	Unknown	0.02785833
SRR5371232	CSAGGMDQPQHF	TRBV29-1	TRBJ1-5	Unknown	0.02447512
SRR5371232	CASSQGSAGTSGIRQFF	TRBV4-3	TRBJ2-1	Unknown	0.01993195
SRR5371232	CASSVRSTDTQYF	TRBV7-2	TRBJ2-3	Unknown	0.01927464
SRR5371232	CASSLTGFDSPLHF	TRBV7-6	TRBJ1-6	Unknown	0.01881066
SRR5371232	CASSLTAQDTQYF	TRBV12-3	TRBJ2-3	Unknown	0.01867532
SRR5371232	CASSYQQESPLHF	TRBV6-2	TRBJ1-6	Unknown	0.01852067
SRR5371232	CASSRGQGATEAFF	TRBV4-3	TRBJ1-1	Unknown	0.0166454
SRR5371232	CASSLGGDSDTQYF	TRBV7-6	TRBJ2-3	Unknown	0.01651007
SRR5371232	CASSFSTFSYEQYF	TRBV7-2	TRBJ2-7	Unknown	0.01521478
SRR5371232	CASSPSLYGGYEQYF	TRBV4-3	TRBJ2-7	Unknown	0.01507946
SRR5371232	CASSPLQRYEQYF	TRBV28	TRBJ2-7	Unknown	0.01482813
SRR5371232	CASSMTAQETQYF	TRBV11-2	TRBJ2-5	Unknown	0.01326219
SRR5371232	CASSQAIYVGATQYF	TRBV4-3	TRBJ2-5	Unknown	0.01295286
SRR5371232	CASSLVAWDTEAFF	TRBV5-1	TRBJ1-1	Unknown	0.01262422
SRR5371232	CASSQVSWGENTEAFF	TRBV4-2	TRBJ1-1	Unknown	0.01254688
SRR5371232	CAWSLTLAGNFPGWAGELFF	TRBV30	TRBJ2-2	Unknown	0.01146425
SRR5371232	CASSQGQGAGELFF	TRBV4-3	TRBJ2-2	Unknown	0.01103893
SRR5371232	CASSLRTRDTGELFF	TRBV7-2	TRBJ2-2	Unknown	0.01071028
SRR5371232	CSVDRGGDTDTQYF	TRBV29-1	TRBJ2-3	Unknown	0.01047829
SRR5371232	CASSLRAWETQYF	TRBV7-2	TRBJ2-5	Unknown	0.01022696
SRR5371232	CASSLARQGGQETQYF	TRBV12-3	TRBJ2-5	Unknown	0.009357
SRR5371232	CASSLRATDTQYF	TRBV7-3	TRBJ2-3	Unknown	0.00889302
SRR5371232	CASSRLAGAGANVLTF	TRBV4-1	TRBJ2-6	Unknown	0.00871902
SRR5371232	CASSLWGGLGGTADTQYF	TRBV7-2	TRBJ2-3	Unknown	0.00825504
SRR5371232	CASSRLGGEKFF	TRBV5-6	TRBJ2-1	Unknown	0.00798438
SRR5371232	CASSLAQTTGELFF	TRBV5-6	TRBJ2-2	Unknown	0.00786838
SRR5371232	CASSQALIGGYTF	TRBV4-3	TRBJ1-2	Unknown	0.00744307
SRR5371232	CASSLRTSGSHEQFF	TRBV7-2	TRBJ2-1	Unknown	0.00719174
SRR5371232	CASSNRASTEAFF	TRBV19	TRBJ1-1	Unknown	0.00695974
SRR5371232	CASSFLQKHEQYF	TRBV28	TRBJ2-7	Unknown	0.00682442
SRR5371232	CATSSLQRNEQFF	TRBV28	TRBJ2-1	Unknown	0.00680509
SRR5371232	CASSQARGLDEKLFF	TRBV4-2	TRBJ1-4	Unknown	0.00587713
SRR5371232	CASSVIWDRGNTGELFF	TRBV6-1	TRBJ2-2	Unknown	0.00506516
SRR5371232	CASSLSAGHGNQPQHF	TRBV7-2	TRBJ1-5	Unknown	0.00498782
SRR5371232	CSASGTSEFNEQFF	TRBV20-1	TRBJ2-1	Unknown	0.00491049
SRR5371232	CASSQPGQGEKEQFF	TRBV4-2	TRBJ2-1	Unknown	0.00477516
SRR5371232	CASSQAHSTDTQYF	TRBV4-3	TRBJ2-3	Unknown	0.00475583
SRR5371232	CSVGVGQDYSGANVLTF	TRBV29-1	TRBJ2-6	Unknown	0.00442718
SRR5371232	CASSPGPGQEKLFF	TRBV18	TRBJ1-4	Unknown	0.00425318
SRR5371232	CASSFSTEYEQYF	TRBV12-3	TRBJ2-7	Unknown	0.00413718
SRR5371232	CASSDRLGSPLHF	TRBV2	TRBJ1-6	Unknown	0.00409852
SRR5371232	CSAWTGGSYNEQFF	TRBV29-1	TRBJ2-1	Unknown	0.0034992
SRR5371232	CASSQGLAGRQETQYF	TRBV4-3	TRBJ2-5	Unknown	0.00347987
SRR5371232	CASSLWGQGEETQYF	TRBV5-1	TRBJ2-5	Unknown	0.00332522
SRR5371232	CASSLTTQFF	TRBV7-9	TRBJ2-1	Unknown	0.00328655
SRR5371232	CASSVRAGGYNEQFF	TRBV2	TRBJ2-1	Unknown	0.00322854
SRR5371232	CASSRGQGASEAFF	TRBV19	TRBJ1-1	Unknown	0.00320921
SRR5371232	CASSLGRSYGYTF	TRBV5-6	TRBJ1-2	Unknown	0.00280323
SRR5371232	CASSPGGGEQFF	TRBV2	TRBJ2-1	Unknown	0.00253258
SRR5371232	CASSLRAGGQNIQYF	TRBV7-2	TRBJ2-4	Unknown	0.00241659
SRR5371232	CASSHPHGGGGELFF	TRBV4-3	TRBJ2-2	Unknown	0.00237791
SRR5371232	CASSIIYGGMNTEAFF	TRBV19	TRBJ1-1	Unknown	0.00235858
SRR5371232	CASSFRYTDTQYF	TRBV7-2	TRBJ2-3	Unknown	0.00220392
SRR5371232	CASSIDGLLTRDTQYF	TRBV19	TRBJ2-3	Unknown	0.00185593
SRR5371232	CASSLTGWDSPLHF	TRBV18	TRBJ1-6	Unknown	0.00175927
SRR5371232	CASSQTGLGLVGTDTQYF	TRBV16	TRBJ2-3	Unknown	0.00173994
SRR5371232	CASSVTNTDTQYF	TRBV7-3	TRBJ2-3	Unknown	0.00170128
SRR5371232	CASSPGLAGDTGELFF	TRBV4-2	TRBJ2-2	Unknown	0.00154661
SRR5371232	CASSAGTSGETQYF	TRBV19	TRBJ2-5	Unknown	0.00143062
SRR5371232	CASSYPGQDTGELFF	TRBV5-6	TRBJ2-2	Unknown	0.00131461
SRR5371232	CASSFRSGGEYEQYF	TRBV13	TRBJ2-7	Unknown	0.00125662
SRR5371232	CASSRLAGGAYQETQYF	TRBV4-3	TRBJ2-5	Unknown	0.0008313
SRR5371232	CASSVGTKGETQYF	TRBV19	TRBJ2-5	Unknown	0.00081197
SRR5371232	CASSTYRGSGEEAQYF	TRBV19	TRBJ2-5	Unknown	0.0007733
SRR5371232	CASSIGWVNEQFF	TRBV19	TRBJ2-1	Unknown	0.00059932
SRR5371232	CAWKIGGFIDTEAFF	TRBV30	TRBJ1-1	Unknown	0.00057997
SRR5371232	CASSLAWTYGYTF	TRBV19	TRBJ1-2	Unknown	5.8e-05
SRR5371232	CASSFSNTGSCFF	TRBV5-6	TRBJ2-2	Unknown	1.933e-05
SRR5371232	CASSQPTGRVNEQFF	TRBV16	TRBJ2-1	Unknown	1.933e-05
SRR5371232	CAWSRTGWDTGELFF	TRBV30	TRBJ2-2	Unknown	1.933e-05
SRR5371232	CAWSVTGWDTGELFF	TRBV30	TRBJ2-2	Unknown	1.933e-05
